st;en;duration;height;Rmax;Rmax10;st;en;duration;height;Rmax;Rmax10;st;en;duration;height;Rmax;Rmax10;st;en;duration;height;Rmax;Rmax10;st;en;duration;height;Rmax;Rmax10;st;en;duration;height;Rmax;Rmax10;st;en;duration;height;Rmax;Rmax10;st;en;duration;height;Rmax;Rmax10
2013-06-09 16:40:00;2013-06-09 22:47:00;367;29.6;131.9;100.8;2013-06-09 16:41:00;2013-06-09 18:54:00;133;24.4;145.3;73.8;2013-06-09 16:40:00;2013-06-09 18:48:00;128;34.9;194.2;135.7;NA;NA;NA;NA;NA;NA;NA;NA;NA;NA;NA;NA;NA;NA;NA;NA;NA;NA;NA;NA;NA;NA;NA;NA;NA;NA;NA;NA;NA;NA
2013-06-10 13:57:00;2013-06-10 19:45:00;348;4.6;6.2;3;2013-06-10 14:22:00;2013-06-10 17:39:00;197;4.5;6;3;2013-06-10 13:57:00;2013-06-10 17:42:00;225;4.6;6.4;3.7;NA;NA;NA;NA;NA;NA;NA;NA;NA;NA;NA;NA;NA;NA;NA;NA;NA;NA;NA;NA;NA;NA;NA;NA;NA;NA;NA;NA;NA;NA
2013-06-14 06:31:00;2013-06-14 09:35:00;184;1.4;6.2;2.7;2013-06-14 06:34:00;2013-06-14 08:27:00;113;1.4;6;3;2013-06-14 06:31:00;2013-06-14 08:38:00;127;1.5;6.4;2.5;NA;NA;NA;NA;NA;NA;NA;NA;NA;NA;NA;NA;NA;NA;NA;NA;NA;NA;NA;NA;NA;NA;NA;NA;NA;NA;NA;NA;NA;NA
2013-06-21 02:05:00;2013-06-21 03:57:00;112;3.2;16.5;10.7;2013-06-21 02:06:00;2013-06-21 02:30:00;24;3.3;19;10.5;2013-06-21 02:05:00;2013-06-21 02:29:00;24;3.9;25.1;14.2;2013-06-21 02:08:00;2013-06-21 02:33:00;25;2.5;12.9;7.9;NA;NA;NA;NA;NA;NA;NA;NA;NA;NA;NA;NA;NA;NA;NA;NA;NA;NA;NA;NA;NA;NA;NA;NA
2013-06-23 01:10:00;2013-06-23 01:25:00;15;0.5;10.6;2.9;2013-06-23 01:18:00;2013-06-23 01:21:00;3;0.1;5.9;0.6;NA;NA;NA;NA;NA;NA;2013-06-23 01:10:00;2013-06-23 01:16:00;6;1.4;31.9;8.2;NA;NA;NA;NA;NA;NA;NA;NA;NA;NA;NA;NA;NA;NA;NA;NA;NA;NA;NA;NA;NA;NA;NA;NA
2013-06-24 13:09:00;2013-06-25 22:25:00;1996;53.4;8.1;5.9;2013-06-24 13:21:00;2013-06-25 21:25:00;1924;54.4;12.2;6.6;2013-06-24 13:48:00;2013-06-25 21:01:00;1873;54;6.4;6.1;2013-06-24 13:09:00;2013-06-25 21:01:00;1912;51.7;12.1;6.1;NA;NA;NA;NA;NA;NA;NA;NA;NA;NA;NA;NA;NA;NA;NA;NA;NA;NA;NA;NA;NA;NA;NA;NA
2013-06-26 05:10:00;2013-06-26 09:35:00;265;1.1;4.2;0.8;2013-06-26 05:10:00;2013-06-26 09:09:00;239;1.3;5.9;1.2;2013-06-26 05:23:00;2013-06-26 08:40:00;197;1.2;6.4;0.6;2013-06-26 05:14:00;2013-06-26 08:15:00;181;0.8;6.1;0.6;NA;NA;NA;NA;NA;NA;NA;NA;NA;NA;NA;NA;NA;NA;NA;NA;NA;NA;NA;NA;NA;NA;NA;NA
2013-06-29 22:15:00;2013-06-30 01:19:00;184;0.8;4.2;1.2;2013-06-29 22:52:00;2013-06-30 00:13:00;81;0.8;5.9;1.2;2013-06-29 22:15:00;2013-06-30 00:17:00;122;1.1;6.4;2.5;2013-06-29 23:14:00;2013-06-30 00:17:00;63;0.5;6.1;1.2;NA;NA;NA;NA;NA;NA;NA;NA;NA;NA;NA;NA;NA;NA;NA;NA;NA;NA;NA;NA;NA;NA;NA;NA
2013-07-03 07:24:00;2013-07-03 10:27:00;183;1.4;4.1;2.3;2013-07-03 07:27:00;2013-07-03 09:16:00;109;2;12.4;3.6;2013-07-03 07:24:00;2013-07-03 09:16:00;112;1.2;6.4;1.9;2013-07-03 07:36:00;2013-07-03 09:12:00;96;1;6.1;2.4;NA;NA;NA;NA;NA;NA;NA;NA;NA;NA;NA;NA;NA;NA;NA;NA;NA;NA;NA;NA;NA;NA;NA;NA
2013-07-03 16:47:00;2013-07-03 18:43:00;116;9;88.3;44;2013-07-03 17:00:00;2013-07-03 17:29:00;29;14.5;117.4;74.1;2013-07-03 17:27:00;2013-07-03 17:30:00;3;0.1;6.4;0.6;2013-07-03 17:11:00;2013-07-03 17:30:00;19;12.5;147.7;73.9;NA;NA;NA;NA;NA;NA;NA;NA;NA;NA;NA;NA;NA;NA;NA;NA;NA;NA;NA;NA;NA;NA;NA;NA
2013-07-03 23:38:00;2013-07-04 01:01:00;83;0.9;6.2;2.7;2013-07-03 23:38:00;2013-07-04 01:00:00;82;0.8;5.9;1.8;2013-07-03 23:39:00;2013-07-04 00:55:00;76;0.7;6.4;1.9;2013-07-03 23:40:00;2013-07-04 01:01:00;81;1.2;12.2;4.3;NA;NA;NA;NA;NA;NA;NA;NA;NA;NA;NA;NA;NA;NA;NA;NA;NA;NA;NA;NA;NA;NA;NA;NA
2013-07-24 21:41:00;2013-07-25 02:30:00;289;4.1;12.2;5.2;NA;NA;NA;NA;NA;NA;2013-07-24 21:41:00;2013-07-25 02:30:00;289;4.2;18.3;6.1;2013-07-24 22:05:00;2013-07-25 02:27:00;262;4.1;6.1;4.9;NA;NA;NA;NA;NA;NA;NA;NA;NA;NA;NA;NA;NA;NA;NA;NA;NA;NA;NA;NA;NA;NA;NA;NA
2013-07-29 18:21:00;2013-07-29 23:43:00;322;37.8;143.9;127.1;NA;NA;NA;NA;NA;NA;2013-07-29 18:21:00;2013-07-29 22:27:00;246;36;140.5;120.7;2013-07-29 18:23:00;2013-07-29 23:01:00;278;39.6;168.1;139;NA;NA;NA;NA;NA;NA;NA;NA;NA;NA;NA;NA;NA;NA;NA;NA;NA;NA;NA;NA;NA;NA;NA;NA
2013-07-30 00:29:00;2013-07-30 04:29:00;240;2;6.2;2.8;NA;NA;NA;NA;NA;NA;2013-07-30 00:29:00;2013-07-30 03:28:00;179;2.4;6.4;3.1;2013-07-30 01:12:00;2013-07-30 03:17:00;125;1.6;6.1;2.4;NA;NA;NA;NA;NA;NA;NA;NA;NA;NA;NA;NA;NA;NA;NA;NA;NA;NA;NA;NA;NA;NA;NA;NA
2013-08-04 03:02:00;2013-08-04 07:43:00;281;20.1;61.4;45.6;NA;NA;NA;NA;NA;NA;2013-08-04 03:02:00;2013-08-04 05:47:00;165;21.9;64.3;51.1;2013-08-04 03:04:00;2013-08-04 05:56:00;172;18.4;58.6;40.7;NA;NA;NA;NA;NA;NA;NA;NA;NA;NA;NA;NA;NA;NA;NA;NA;NA;NA;NA;NA;NA;NA;NA;NA
2013-08-04 16:57:00;2013-08-04 20:47:00;230;7.3;15.5;11.4;NA;NA;NA;NA;NA;NA;2013-08-04 16:57:00;2013-08-04 19:09:00;132;7.9;25;14.2;2013-08-04 16:59:00;2013-08-04 18:58:00;119;6.7;12.2;9.1;NA;NA;NA;NA;NA;NA;NA;NA;NA;NA;NA;NA;NA;NA;NA;NA;NA;NA;NA;NA;NA;NA;NA;NA
2013-08-06 22:26:00;2013-08-07 04:13:00;347;9.1;15.8;11.9;NA;NA;NA;NA;NA;NA;2013-08-06 22:26:00;2013-08-07 02:27:00;241;8.2;12.5;7.3;2013-08-06 22:30:00;2013-08-07 02:29:00;239;10.1;25.6;20.2;NA;NA;NA;NA;NA;NA;NA;NA;NA;NA;NA;NA;NA;NA;NA;NA;NA;NA;NA;NA;NA;NA;NA;NA
2013-08-09 13:38:00;2013-08-09 19:59:00;381;9.3;36.1;13.8;2013-08-09 13:38:00;2013-08-09 19:44:00;366;9.9;50.6;17.6;2013-08-09 13:38:00;2013-08-09 18:56:00;318;9.3;50.8;12.5;2013-08-09 13:38:00;2013-08-09 19:54:00;376;8.6;38.9;11.3;NA;NA;NA;NA;NA;NA;NA;NA;NA;NA;NA;NA;NA;NA;NA;NA;NA;NA;NA;NA;NA;NA;NA;NA
2013-08-10 19:40:00;2013-08-10 22:23:00;163;4;10.1;6.1;2013-08-10 19:40:00;2013-08-10 20:49:00;69;3.3;6.1;4.8;2013-08-10 19:42:00;2013-08-10 20:53:00;71;4.5;12.4;7.9;2013-08-10 19:43:00;2013-08-10 21:05:00;82;4.3;12.2;7.3;NA;NA;NA;NA;NA;NA;NA;NA;NA;NA;NA;NA;NA;NA;NA;NA;NA;NA;NA;NA;NA;NA;NA;NA
2013-08-19 13:41:00;2013-08-19 17:35:00;234;7.2;29.7;9.8;2013-08-19 13:43:00;2013-08-19 16:20:00;157;8.1;57.7;14.4;2013-08-19 13:41:00;2013-08-19 16:27:00;166;6.9;24.7;11.1;2013-08-19 13:43:00;2013-08-19 16:19:00;156;6.6;25.4;9.1;NA;NA;NA;NA;NA;NA;NA;NA;NA;NA;NA;NA;NA;NA;NA;NA;NA;NA;NA;NA;NA;NA;NA;NA
2013-08-19 18:28:00;2013-08-19 21:03:00;155;1.5;6.1;3.4;2013-08-19 18:37:00;2013-08-19 19:42:00;65;1.3;6;3;2013-08-19 18:28:00;2013-08-19 19:36:00;68;1.8;6.4;4.9;2013-08-19 18:29:00;2013-08-19 19:57:00;88;1.5;6.1;3.6;NA;NA;NA;NA;NA;NA;NA;NA;NA;NA;NA;NA;NA;NA;NA;NA;NA;NA;NA;NA;NA;NA;NA;NA
2013-08-25 12:50:00;2013-08-26 04:29:00;939;16;6.2;3;2013-08-25 12:52:00;2013-08-26 04:29:00;937;15.3;6.2;3;2013-08-25 13:20:00;2013-08-26 04:10:00;890;18.2;12.4;3.7;2013-08-25 12:50:00;2013-08-26 03:36:00;886;14.7;6.1;3;NA;NA;NA;NA;NA;NA;NA;NA;NA;NA;NA;NA;NA;NA;NA;NA;NA;NA;NA;NA;NA;NA;NA;NA
2013-08-27 18:41:00;2013-08-28 02:18:00;457;4.1;6.2;3;2013-08-27 18:56:00;2013-08-28 02:04:00;428;3.6;6;3.6;2013-08-27 18:41:00;2013-08-28 00:57:00;376;3.6;6.4;4.3;2013-08-27 18:43:00;2013-08-28 01:41:00;418;5.1;6.1;4.2;NA;NA;NA;NA;NA;NA;NA;NA;NA;NA;NA;NA;NA;NA;NA;NA;NA;NA;NA;NA;NA;NA;NA;NA
2013-08-29 16:08:00;2013-08-29 18:28:00;140;2.3;10.5;5.2;2013-08-29 16:08:00;2013-08-29 17:20:00;72;3.1;25.4;10.5;2013-08-29 16:19:00;2013-08-29 17:24:00;65;0.8;12.2;3.1;2013-08-29 16:10:00;2013-08-29 17:25:00;75;3.1;25.7;10;NA;NA;NA;NA;NA;NA;NA;NA;NA;NA;NA;NA;NA;NA;NA;NA;NA;NA;NA;NA;NA;NA;NA;NA
2013-08-31 21:56:00;2013-09-01 05:35:00;459;7.3;12.7;8.3;2013-08-31 22:05:00;2013-09-01 04:19:00;374;10.4;37.9;15.7;2013-08-31 21:56:00;2013-09-01 04:26:00;390;5.1;6.4;4.3;2013-08-31 22:11:00;2013-09-01 05:22:00;431;6.3;25.7;7.5;NA;NA;NA;NA;NA;NA;NA;NA;NA;NA;NA;NA;NA;NA;NA;NA;NA;NA;NA;NA;NA;NA;NA;NA
2013-09-09 04:55:00;2013-09-09 08:54:00;239;9.7;38.3;28.5;2013-09-09 04:58:00;2013-09-09 08:17:00;199;10.3;44.5;29.8;2013-09-09 04:55:00;2013-09-09 08:22:00;207;10.2;38;28.8;2013-09-09 04:59:00;2013-09-09 08:19:00;200;8.7;58.4;32;NA;NA;NA;NA;NA;NA;NA;NA;NA;NA;NA;NA;NA;NA;NA;NA;NA;NA;NA;NA;NA;NA;NA;NA
2013-09-10 13:35:00;2013-09-10 20:06:00;391;8.7;8.1;4.8;2013-09-10 13:35:00;2013-09-10 18:30:00;295;8.7;6.1;4.8;2013-09-10 13:49:00;2013-09-10 18:39:00;290;9.1;12.2;5.5;2013-09-10 13:39:00;2013-09-10 18:29:00;290;8.2;6.1;4.8;NA;NA;NA;NA;NA;NA;NA;NA;NA;NA;NA;NA;NA;NA;NA;NA;NA;NA;NA;NA;NA;NA;NA;NA
2013-09-12 16:41:00;2013-09-12 19:44:00;183;3.3;8.3;3.8;2013-09-12 17:34:00;2013-09-12 18:33:00;59;1.9;6;4.8;2013-09-12 16:41:00;2013-09-12 18:39:00;118;4.9;24.9;9.3;2013-09-12 17:04:00;2013-09-12 18:23:00;79;3;6.1;4.9;NA;NA;NA;NA;NA;NA;NA;NA;NA;NA;NA;NA;NA;NA;NA;NA;NA;NA;NA;NA;NA;NA;NA;NA
2013-09-13 05:17:00;2013-09-13 07:04:00;107;1.3;12.5;5.7;2013-09-13 05:17:00;2013-09-13 05:42:00;25;1.2;18.7;6.1;2013-09-13 05:28:00;2013-09-13 05:52:00;24;1;12.2;4.3;2013-09-13 05:23:00;2013-09-13 05:55:00;32;1.7;18.7;9.2;NA;NA;NA;NA;NA;NA;NA;NA;NA;NA;NA;NA;NA;NA;NA;NA;NA;NA;NA;NA;NA;NA;NA;NA
2013-09-15 17:41:00;2013-09-15 19:38:00;117;2.4;36.9;11.7;2013-09-15 17:41:00;2013-09-15 19:04:00;83;4.3;110.7;24.4;2013-09-15 17:56:00;2013-09-15 18:05:00;9;0.7;12.4;4.3;2013-09-15 18:02:00;2013-09-15 19:08:00;66;2.2;38.8;10.8;NA;NA;NA;NA;NA;NA;NA;NA;NA;NA;NA;NA;NA;NA;NA;NA;NA;NA;NA;NA;NA;NA;NA;NA
2013-09-16 16:30:00;2013-09-16 18:54:00;144;2.8;8.1;4.9;2013-09-16 16:30:00;2013-09-16 17:36:00;66;3;12.2;6;2013-09-16 16:30:00;2013-09-16 17:42:00;72;2.9;12.1;4.3;2013-09-16 16:34:00;2013-09-16 17:34:00;60;2.6;6.1;4.9;NA;NA;NA;NA;NA;NA;NA;NA;NA;NA;NA;NA;NA;NA;NA;NA;NA;NA;NA;NA;NA;NA;NA;NA
2013-09-16 23:37:00;2013-09-17 03:11:00;214;2.6;4.2;2.2;2013-09-16 23:43:00;2013-09-17 02:05:00;142;2.6;6;2.4;2013-09-16 23:37:00;2013-09-17 02:01:00;144;2.8;6.4;3.1;2013-09-16 23:38:00;2013-09-17 01:57:00;139;2.4;6.1;2.4;NA;NA;NA;NA;NA;NA;NA;NA;NA;NA;NA;NA;NA;NA;NA;NA;NA;NA;NA;NA;NA;NA;NA;NA
2013-09-18 07:18:00;2013-09-18 20:19:00;781;6.3;6.2;1.8;2013-09-18 07:23:00;2013-09-18 19:47:00;744;5.9;5.9;1.8;2013-09-18 07:26:00;2013-09-18 20:10:00;764;6.8;6.4;1.9;2013-09-18 07:18:00;2013-09-18 20:07:00;769;6;6.1;1.8;NA;NA;NA;NA;NA;NA;NA;NA;NA;NA;NA;NA;NA;NA;NA;NA;NA;NA;NA;NA;NA;NA;NA;NA
2013-09-19 09:29:00;2013-09-19 10:01:00;32;1.1;6.2;2.6;2013-09-19 09:29:00;2013-09-19 09:59:00;30;1.5;6.1;3.6;2013-09-19 09:33:00;2013-09-19 09:58:00;25;0.5;6.4;1.9;2013-09-19 09:31:00;2013-09-19 10:01:00;30;1.4;6.1;3;NA;NA;NA;NA;NA;NA;NA;NA;NA;NA;NA;NA;NA;NA;NA;NA;NA;NA;NA;NA;NA;NA;NA;NA
2013-09-26 13:35:00;2013-09-26 15:41:00;126;1.6;10.3;4.3;2013-09-26 13:35:00;2013-09-26 14:32:00;57;1.8;18.7;4.9;2013-09-26 13:38:00;2013-09-26 14:32:00;54;1.1;6.4;3.1;2013-09-26 13:36:00;2013-09-26 14:31:00;55;1.7;12.1;4.9;NA;NA;NA;NA;NA;NA;NA;NA;NA;NA;NA;NA;NA;NA;NA;NA;NA;NA;NA;NA;NA;NA;NA;NA
2013-10-10 16:54:00;2013-10-11 01:21:00;507;18.9;12.3;8.8;2013-10-10 17:00:00;2013-10-11 01:02:00;482;20;12.6;9.8;2013-10-10 16:54:00;2013-10-11 00:57:00;483;18.6;24.8;11.1;2013-10-10 16:57:00;2013-10-11 01:11:00;494;18.1;12.3;10.4;NA;NA;NA;NA;NA;NA;NA;NA;NA;NA;NA;NA;NA;NA;NA;NA;NA;NA;NA;NA;NA;NA;NA;NA
2013-10-11 11:00:00;2013-10-11 19:11:00;491;6.9;12.2;7.9;2013-10-11 11:06:00;2013-10-11 17:46:00;400;6.7;18.8;8.6;2013-10-11 11:00:00;2013-10-11 17:34:00;394;7.4;18.4;7.9;2013-10-11 11:08:00;2013-10-11 17:53:00;405;6.6;18.5;8.5;NA;NA;NA;NA;NA;NA;NA;NA;NA;NA;NA;NA;NA;NA;NA;NA;NA;NA;NA;NA;NA;NA;NA;NA
2013-10-17 06:34:00;2013-10-17 10:11:00;217;2.3;6.1;4.4;2013-10-17 06:34:00;2013-10-17 10:04:00;210;2.3;6.1;4.8;2013-10-17 07:35:00;2013-10-17 08:33:00;58;2.4;6.4;4.3;2013-10-17 07:36:00;2013-10-17 08:31:00;55;2.1;6.1;4.2;NA;NA;NA;NA;NA;NA;NA;NA;NA;NA;NA;NA;NA;NA;NA;NA;NA;NA;NA;NA;NA;NA;NA;NA
2013-10-17 23:35:00;2013-10-18 01:41:00;126;0.8;6.4;3.7;2013-10-17 23:35:00;2013-10-18 00:08:00;33;0.8;12.1;4.2;2013-10-17 23:38:00;2013-10-18 00:33:00;55;0.9;6.4;3.7;2013-10-17 23:39:00;2013-10-18 00:17:00;38;0.7;13.2;3.8;NA;NA;NA;NA;NA;NA;NA;NA;NA;NA;NA;NA;NA;NA;NA;NA;NA;NA;NA;NA;NA;NA;NA;NA
2013-10-20 17:05:00;2013-10-20 19:41:00;156;5.8;16.6;11.1;2013-10-20 17:05:00;2013-10-20 18:05:00;60;5.3;12.6;9.2;2013-10-20 17:08:00;2013-10-20 18:45:00;97;6.1;31.3;13.6;2013-10-20 17:07:00;2013-10-20 18:17:00;70;5.9;18.9;11.7;NA;NA;NA;NA;NA;NA;NA;NA;NA;NA;NA;NA;NA;NA;NA;NA;NA;NA;NA;NA;NA;NA;NA;NA
2013-10-23 23:22:00;2013-10-24 02:41:00;199;0.9;4.2;1.6;2013-10-23 23:29:00;2013-10-24 02:03:00;154;0.8;5.9;1.8;2013-10-23 23:29:00;2013-10-24 01:11:00;102;0.9;6.4;1.9;2013-10-23 23:22:00;2013-10-24 01:12:00;110;0.9;6.1;1.8;NA;NA;NA;NA;NA;NA;NA;NA;NA;NA;NA;NA;NA;NA;NA;NA;NA;NA;NA;NA;NA;NA;NA;NA
2013-11-02 06:11:00;2013-11-02 11:39:00;328;1.6;4;1.4;2013-11-02 06:11:00;2013-11-02 11:21:00;310;1.8;5.9;1.2;2013-11-02 06:22:00;2013-11-02 11:39:00;317;1.6;6.4;1.9;2013-11-02 06:23:00;2013-11-02 11:26:00;303;1.4;6.1;1.2;NA;NA;NA;NA;NA;NA;NA;NA;NA;NA;NA;NA;NA;NA;NA;NA;NA;NA;NA;NA;NA;NA;NA;NA
2013-11-03 08:39:00;2013-11-03 13:11:00;272;4.2;6.1;3.1;2013-11-03 08:39:00;2013-11-03 11:17:00;158;3.9;6;3;2013-11-03 08:41:00;2013-11-03 11:18:00;157;4.6;12.2;5.5;2013-11-03 08:45:00;2013-11-03 11:19:00;154;4.1;6.1;3;NA;NA;NA;NA;NA;NA;NA;NA;NA;NA;NA;NA;NA;NA;NA;NA;NA;NA;NA;NA;NA;NA;NA;NA
2013-11-06 01:43:00;2013-11-06 06:29:00;286;4.1;6.2;3.5;2013-11-06 01:43:00;2013-11-06 06:28:00;285;4.4;6.1;5.4;2013-11-06 01:43:00;2013-11-06 06:26:00;283;3.7;6.4;3.1;2013-11-06 01:52:00;2013-11-06 06:29:00;277;4.1;6.1;3.6;NA;NA;NA;NA;NA;NA;NA;NA;NA;NA;NA;NA;NA;NA;NA;NA;NA;NA;NA;NA;NA;NA;NA;NA
2013-11-06 21:10:00;2013-11-07 04:11:00;421;3.2;6.1;2.1;2013-11-06 21:11:00;2013-11-07 02:40:00;329;2.9;5.9;1.8;2013-11-06 21:18:00;2013-11-07 02:38:00;320;3.8;6.4;2.5;2013-11-06 21:10:00;2013-11-07 03:57:00;407;3;6.1;2.4;NA;NA;NA;NA;NA;NA;NA;NA;NA;NA;NA;NA;NA;NA;NA;NA;NA;NA;NA;NA;NA;NA;NA;NA
2013-11-09 04:14:00;2013-11-09 08:21:00;247;2.4;4.2;2.6;2013-11-09 04:18:00;2013-11-09 06:32:00;134;2.3;6;2.4;2013-11-09 04:14:00;2013-11-09 07:17:00;183;2.2;6.4;2.5;2013-11-09 04:32:00;2013-11-09 06:35:00;123;2.6;6.1;3.6;NA;NA;NA;NA;NA;NA;NA;NA;NA;NA;NA;NA;NA;NA;NA;NA;NA;NA;NA;NA;NA;NA;NA;NA
2013-11-10 13:06:00;2013-11-10 22:51:00;585;8.1;6.2;2.5;2013-11-10 13:07:00;2013-11-10 20:22:00;435;7.6;5.9;2.4;2013-11-10 13:06:00;2013-11-10 20:24:00;438;8.5;6.4;3.1;2013-11-10 13:07:00;2013-11-10 20:27:00;440;8.2;6.1;2.4;NA;NA;NA;NA;NA;NA;NA;NA;NA;NA;NA;NA;NA;NA;NA;NA;NA;NA;NA;NA;NA;NA;NA;NA
2013-11-15 06:32:00;2013-11-15 11:01:00;269;1.4;4.1;1.4;2013-11-15 06:37:00;2013-11-15 10:01:00;204;1.5;5.9;1.8;2013-11-15 06:32:00;2013-11-15 09:32:00;180;1.5;6.4;1.3;2013-11-15 06:40:00;2013-11-15 09:46:00;186;1.1;6.1;1.2;NA;NA;NA;NA;NA;NA;NA;NA;NA;NA;NA;NA;NA;NA;NA;NA;NA;NA;NA;NA;NA;NA;NA;NA
2013-11-20 00:49:00;2013-11-20 04:21:00;212;0.9;4;1.2;2013-11-20 00:50:00;2013-11-20 03:38:00;168;0.8;5.9;0.6;2013-11-20 00:49:00;2013-11-20 02:39:00;110;1;6.4;1.9;2013-11-20 00:51:00;2013-11-20 03:42:00;171;0.8;6.1;1.2;NA;NA;NA;NA;NA;NA;NA;NA;NA;NA;NA;NA;NA;NA;NA;NA;NA;NA;NA;NA;NA;NA;NA;NA
2013-11-20 07:03:00;2013-11-20 12:01:00;298;2;4.2;2.1;2013-11-20 07:20:00;2013-11-20 09:42:00;142;1.7;5.9;1.8;2013-11-20 07:09:00;2013-11-20 09:39:00;150;2.3;6.4;2.5;2013-11-20 07:03:00;2013-11-20 09:42:00;159;2;6.1;2.4;NA;NA;NA;NA;NA;NA;NA;NA;NA;NA;NA;NA;NA;NA;NA;NA;NA;NA;NA;NA;NA;NA;NA;NA
2013-11-29 23:35:00;2013-11-30 03:01:00;206;1.2;6.2;3.1;2013-11-29 23:35:00;2013-11-30 00:31:00;56;1.1;6;3;2013-11-29 23:35:00;2013-11-30 00:32:00;57;1.3;6.4;3.1;2013-11-29 23:37:00;2013-11-30 00:35:00;58;1.2;6.1;3;NA;NA;NA;NA;NA;NA;NA;NA;NA;NA;NA;NA;NA;NA;NA;NA;NA;NA;NA;NA;NA;NA;NA;NA
2013-12-05 21:53:00;2013-12-06 02:21:00;268;2.8;12.1;7.9;2013-12-05 21:58:00;2013-12-06 00:42:00;164;3.5;12.5;11.1;2013-12-05 21:53:00;2013-12-06 00:06:00;133;2.4;12.2;9.2;2013-12-05 22:02:00;2013-12-06 00:45:00;163;2.4;12.3;7.9;NA;NA;NA;NA;NA;NA;NA;NA;NA;NA;NA;NA;NA;NA;NA;NA;NA;NA;NA;NA;NA;NA;NA;NA
2013-12-08 06:19:00;2013-12-08 12:31:00;372;0.4;4;0.6;2013-12-08 07:38:00;2013-12-08 10:23:00;165;0.4;5.9;0.6;2013-12-08 06:35:00;2013-12-08 10:15:00;220;0.5;6.4;1.3;2013-12-08 06:19:00;2013-12-08 10:16:00;237;0.4;6.1;0.6;NA;NA;NA;NA;NA;NA;NA;NA;NA;NA;NA;NA;NA;NA;NA;NA;NA;NA;NA;NA;NA;NA;NA;NA
2013-12-09 04:49:00;2013-12-09 13:01:00;492;1.7;4.2;1.4;2013-12-09 05:12:00;2013-12-09 11:52:00;400;1.8;5.9;1.2;2013-12-09 05:17:00;2013-12-09 11:12:00;355;1.8;6.4;1.9;2013-12-09 05:11:00;2013-12-09 11:00:00;349;1.5;6.1;1.2;NA;NA;NA;NA;NA;NA;NA;NA;NA;NA;NA;NA;NA;NA;NA;NA;NA;NA;NA;NA;NA;NA;NA;NA
2014-01-04 22:31:00;2014-01-05 03:27:00;296;2.3;4.2;1.8;2014-01-04 22:31:00;2014-01-05 01:25:00;174;2.2;5.9;1.8;2014-01-04 22:33:00;2014-01-05 02:00:00;207;2.6;6.4;1.9;2014-01-04 22:34:00;2014-01-05 01:06:00;152;2.1;6.1;1.8;NA;NA;NA;NA;NA;NA;NA;NA;NA;NA;NA;NA;NA;NA;NA;NA;NA;NA;NA;NA;NA;NA;NA;NA
2014-01-05 14:50:00;2014-01-05 23:57:00;547;5.2;4.2;1.8;2014-01-05 15:12:00;2014-01-05 21:33:00;381;4.8;5.9;1.8;2014-01-05 14:50:00;2014-01-05 21:15:00;385;6.2;6.4;1.9;2014-01-05 15:06:00;2014-01-05 21:08:00;362;4.7;6.1;1.8;NA;NA;NA;NA;NA;NA;NA;NA;NA;NA;NA;NA;NA;NA;NA;NA;NA;NA;NA;NA;NA;NA;NA;NA
2014-01-10 02:58:00;2014-01-10 03:13:00;15;0.3;6.2;1.8;2014-01-10 02:58:00;2014-01-10 03:12:00;14;0.7;18.7;3.7;NA;NA;NA;NA;NA;NA;2014-01-10 03:01:00;2014-01-10 03:08:00;7;0.3;6.1;1.8;NA;NA;NA;NA;NA;NA;NA;NA;NA;NA;NA;NA;NA;NA;NA;NA;NA;NA;NA;NA;NA;NA;NA;NA
2014-01-14 19:57:00;2014-01-15 00:23:00;266;0.8;2.1;0.6;2014-01-14 19:57:00;2014-01-15 00:19:00;262;0.9;5.9;0.6;2014-01-14 20:30:00;2014-01-15 00:23:00;233;0.7;6.4;0.6;2014-01-14 20:12:00;2014-01-15 00:08:00;236;0.8;6.1;0.6;NA;NA;NA;NA;NA;NA;NA;NA;NA;NA;NA;NA;NA;NA;NA;NA;NA;NA;NA;NA;NA;NA;NA;NA
2014-01-15 03:56:00;2014-01-15 10:01:00;365;1.6;4;1;2014-01-15 03:56:00;2014-01-15 08:44:00;288;1.6;5.9;1.2;2014-01-15 04:06:00;2014-01-15 08:00:00;234;1.9;6.4;1.3;2014-01-15 04:02:00;2014-01-15 07:42:00;220;1.2;6.1;0.6;NA;NA;NA;NA;NA;NA;NA;NA;NA;NA;NA;NA;NA;NA;NA;NA;NA;NA;NA;NA;NA;NA;NA;NA
2014-01-17 16:01:00;2014-01-17 21:01:00;300;1.3;4.2;1.2;2014-01-17 16:01:00;2014-01-17 18:54:00;173;1.2;5.9;1.2;2014-01-17 16:07:00;2014-01-17 18:58:00;171;1.4;6.4;1.3;2014-01-17 16:08:00;2014-01-17 19:18:00;190;1.3;6.1;1.2;NA;NA;NA;NA;NA;NA;NA;NA;NA;NA;NA;NA;NA;NA;NA;NA;NA;NA;NA;NA;NA;NA;NA;NA
2014-01-20 09:07:00;2014-01-21 19:31:00;2064;4.1;4.2;1.2;2014-01-20 09:07:00;2014-01-21 14:17:00;1750;4.6;5.9;1.2;2014-01-20 10:21:00;2014-01-21 04:11:00;1070;4.6;6.4;1.3;2014-01-20 10:18:00;2014-01-21 04:19:00;1081;3.2;6.1;1.2;NA;NA;NA;NA;NA;NA;NA;NA;NA;NA;NA;NA;NA;NA;NA;NA;NA;NA;NA;NA;NA;NA;NA;NA
2014-01-22 11:09:00;2014-01-22 15:32:00;263;0.5;2.1;0.4;2014-01-22 12:10:00;2014-01-22 15:32:00;202;1.5;5.9;0.6;2014-01-22 14:14:00;2014-01-22 14:17:00;3;0.1;6.4;0.6;NA;NA;NA;NA;NA;NA;NA;NA;NA;NA;NA;NA;NA;NA;NA;NA;NA;NA;NA;NA;NA;NA;NA;NA;NA;NA;NA;NA;NA;NA
2014-01-31 09:03:00;2014-01-31 17:41:00;518;3.5;6.5;1.3;2014-01-31 09:38:00;2014-01-31 17:41:00;483;3.6;12.7;1.3;2014-01-31 09:03:00;2014-01-31 16:18:00;435;4.8;6.4;1.9;2014-01-31 09:11:00;2014-01-31 14:42:00;331;2.1;13.2;1.3;NA;NA;NA;NA;NA;NA;NA;NA;NA;NA;NA;NA;NA;NA;NA;NA;NA;NA;NA;NA;NA;NA;NA;NA
2014-02-01 12:17:00;2014-02-01 17:21:00;304;0.4;4.1;0.4;2014-02-01 12:39:00;2014-02-01 13:39:00;60;0.2;5.9;0.6;2014-02-01 12:47:00;2014-02-01 14:32:00;105;0.3;6.4;0.6;2014-02-01 12:17:00;2014-02-01 15:47:00;210;0.6;12.2;1.2;NA;NA;NA;NA;NA;NA;NA;NA;NA;NA;NA;NA;NA;NA;NA;NA;NA;NA;NA;NA;NA;NA;NA;NA
2014-02-03 10:36:00;2014-02-03 16:26:00;350;1;4.1;0.8;2014-02-03 10:36:00;2014-02-03 13:40:00;184;1.2;5.9;1.2;2014-02-03 12:41:00;2014-02-03 16:26:00;225;1.1;6.4;1.3;2014-02-03 12:38:00;2014-02-03 15:15:00;157;0.8;6.1;1.2;NA;NA;NA;NA;NA;NA;NA;NA;NA;NA;NA;NA;NA;NA;NA;NA;NA;NA;NA;NA;NA;NA;NA;NA
2014-03-04 15:47:00;2014-03-04 16:29:00;42;1.5;11.9;4.6;2014-03-04 15:50:00;2014-03-04 16:29:00;39;1;5.9;3;2014-03-04 15:48:00;2014-03-04 16:23:00;35;2.6;23.9;9;2014-03-04 15:47:00;2014-03-04 16:26:00;39;0.9;5.8;2.3;NA;NA;NA;NA;NA;NA;NA;NA;NA;NA;NA;NA;NA;NA;NA;NA;NA;NA;NA;NA;NA;NA;NA;NA
2014-03-15 08:39:00;2014-03-15 14:01:00;322;3.7;9.9;3.9;2014-03-15 08:39:00;2014-03-15 11:45:00;186;4.3;29.7;6.5;2014-03-15 08:47:00;2014-03-15 11:41:00;174;3.3;6;3;2014-03-15 08:47:00;2014-03-15 11:41:00;174;3.4;5.8;3.5;NA;NA;NA;NA;NA;NA;NA;NA;NA;NA;NA;NA;NA;NA;NA;NA;NA;NA;NA;NA;NA;NA;NA;NA
2014-03-18 16:23:00;2014-03-19 01:17:00;534;3;5.9;2;2014-03-18 16:24:00;2014-03-18 22:53:00;389;2.9;5.9;2.4;2014-03-18 16:26:00;2014-03-18 22:50:00;384;3.3;6;2.4;2014-03-18 16:23:00;2014-03-18 22:50:00;387;2.8;5.8;2.3;NA;NA;NA;NA;NA;NA;NA;NA;NA;NA;NA;NA;NA;NA;NA;NA;NA;NA;NA;NA;NA;NA;NA;NA
2014-03-22 16:51:00;2014-03-23 04:00:00;669;4.8;17.9;5.8;2014-03-22 16:51:00;2014-03-23 03:39:00;648;6;47.8;13.7;2014-03-22 16:52:00;2014-03-23 04:00:00;668;3.8;12;3;2014-03-22 16:52:00;2014-03-23 03:46:00;654;4.5;11.8;5.3;NA;NA;NA;NA;NA;NA;NA;NA;NA;NA;NA;NA;NA;NA;NA;NA;NA;NA;NA;NA;NA;NA;NA;NA
2014-03-23 07:05:00;2014-03-23 22:09:00;904;10.6;5.9;2.2;2014-03-23 07:07:00;2014-03-23 20:23:00;796;11;5.9;2.4;2014-03-23 07:05:00;2014-03-23 19:26:00;741;10.7;6;3;2014-03-23 07:06:00;2014-03-23 19:51:00;765;10.1;5.8;2.3;NA;NA;NA;NA;NA;NA;NA;NA;NA;NA;NA;NA;NA;NA;NA;NA;NA;NA;NA;NA;NA;NA;NA;NA
2014-03-24 01:43:00;2014-03-24 18:21:00;998;11.5;7.9;4.3;2014-03-24 01:55:00;2014-03-24 14:31:00;756;12.3;11.9;5.3;2014-03-24 01:43:00;2014-03-24 14:39:00;776;11.1;6;3;2014-03-24 01:52:00;2014-03-24 14:29:00;757;11.3;11.8;6.5;NA;NA;NA;NA;NA;NA;NA;NA;NA;NA;NA;NA;NA;NA;NA;NA;NA;NA;NA;NA;NA;NA;NA;NA
2014-03-25 10:07:00;2014-03-25 13:31:00;204;1;4;1.8;2014-03-25 10:12:00;2014-03-25 11:04:00;52;0.8;5.9;1.8;2014-03-25 10:07:00;2014-03-25 11:08:00;61;1.5;6;3;2014-03-25 10:12:00;2014-03-25 11:11:00;59;0.8;5.8;1.7;NA;NA;NA;NA;NA;NA;NA;NA;NA;NA;NA;NA;NA;NA;NA;NA;NA;NA;NA;NA;NA;NA;NA;NA
2014-04-03 21:22:00;2014-04-04 00:05:00;163;0.8;5.9;2.4;2014-04-03 21:42:00;2014-04-03 22:21:00;39;0.4;5.9;1.8;2014-04-03 21:22:00;2014-04-03 21:53:00;31;0.9;6;3;2014-04-03 21:26:00;2014-04-03 22:12:00;46;1.2;11.7;4.7;NA;NA;NA;NA;NA;NA;NA;NA;NA;NA;NA;NA;NA;NA;NA;NA;NA;NA;NA;NA;NA;NA;NA;NA
2014-04-09 21:28:00;2014-04-10 00:33:00;185;1.2;5.9;3.7;2014-04-09 21:28:00;2014-04-09 22:59:00;91;1.4;5.9;4.8;2014-04-09 21:55:00;2014-04-09 22:37:00;42;1;6;3;2014-04-09 21:28:00;2014-04-09 22:26:00;58;1.1;5.8;4.1;NA;NA;NA;NA;NA;NA;NA;NA;NA;NA;NA;NA;NA;NA;NA;NA;NA;NA;NA;NA;NA;NA;NA;NA
2014-04-13 02:33:00;2014-04-13 08:11:00;338;1.1;5.9;1.2;2014-04-13 02:33:00;2014-04-13 06:32:00;239;1.2;5.9;1.2;2014-04-13 02:38:00;2014-04-13 07:09:00;271;1.2;6;1.8;2014-04-13 02:40:00;2014-04-13 07:13:00;273;1;5.8;1.2;NA;NA;NA;NA;NA;NA;NA;NA;NA;NA;NA;NA;NA;NA;NA;NA;NA;NA;NA;NA;NA;NA;NA;NA
2014-04-14 16:27:00;2014-04-14 19:15:00;168;1.4;11.9;5.3;2014-04-14 16:27:00;2014-04-14 18:41:00;134;1.5;11.9;5.3;2014-04-14 16:31:00;2014-04-14 18:42:00;131;1;12;3.6;2014-04-14 16:31:00;2014-04-14 18:43:00;132;1.6;17.9;7.1;NA;NA;NA;NA;NA;NA;NA;NA;NA;NA;NA;NA;NA;NA;NA;NA;NA;NA;NA;NA;NA;NA;NA;NA
2014-04-14 22:02:00;2014-04-15 00:49:00;167;0.8;4;1.6;2014-04-14 22:02:00;2014-04-14 22:42:00;40;1;5.9;1.8;2014-04-14 22:11:00;2014-04-14 22:39:00;28;0.6;6;1.8;2014-04-14 22:04:00;2014-04-15 00:44:00;160;0.9;5.8;1.7;NA;NA;NA;NA;NA;NA;NA;NA;NA;NA;NA;NA;NA;NA;NA;NA;NA;NA;NA;NA;NA;NA;NA;NA
2014-04-26 17:57:00;2014-04-26 20:21:00;144;2.8;12.2;9.4;NA;NA;NA;NA;NA;NA;2014-04-26 17:57:00;2014-04-26 18:34:00;37;3.1;17.9;10.7;2014-04-26 18:07:00;2014-04-26 18:36:00;29;5.4;36.5;24.7;NA;NA;NA;NA;NA;NA;NA;NA;NA;NA;NA;NA;NA;NA;NA;NA;NA;NA;NA;NA;NA;NA;NA;NA
2014-04-28 14:40:00;2014-04-28 17:11:00;151;3.8;14;10.7;2014-04-28 14:45:00;2014-04-28 15:37:00;52;3.7;17.8;8.9;2014-04-28 14:49:00;2014-04-28 15:35:00;46;2.9;17.8;8.4;2014-04-28 14:40:00;2014-04-28 15:30:00;50;4.8;30.1;17.3;NA;NA;NA;NA;NA;NA;NA;NA;NA;NA;NA;NA;NA;NA;NA;NA;NA;NA;NA;NA;NA;NA;NA;NA
2014-05-02 14:37:00;2014-05-02 18:31:00;234;5;7.9;5.1;2014-05-02 14:57:00;2014-05-02 16:41:00;104;4.6;11.9;5.9;2014-05-02 14:37:00;2014-05-02 17:06:00;149;5.5;12;6;2014-05-02 14:59:00;2014-05-02 16:34:00;95;5;11.8;6.4;NA;NA;NA;NA;NA;NA;NA;NA;NA;NA;NA;NA;NA;NA;NA;NA;NA;NA;NA;NA;NA;NA;NA;NA
2014-05-02 22:28:00;2014-05-03 03:21:00;293;0.9;2;0.8;2014-05-02 22:46:00;2014-05-03 02:52:00;246;0.7;5.9;0.6;2014-05-02 23:19:00;2014-05-03 02:46:00;207;0.9;6;1.2;2014-05-02 22:42:00;2014-05-03 02:38:00;236;1;5.8;1.2;NA;NA;NA;NA;NA;NA;NA;NA;NA;NA;NA;NA;NA;NA;NA;NA;NA;NA;NA;NA;NA;NA;NA;NA
2014-05-07 06:30:00;2014-05-07 15:01:00;511;7.1;7.9;6.5;2014-05-07 06:43:00;2014-05-07 13:05:00;382;6.8;11.9;7.1;2014-05-07 06:33:00;2014-05-07 13:03:00;390;7;12;6;2014-05-07 06:30:00;2014-05-07 14:22:00;472;7.5;11.8;7;NA;NA;NA;NA;NA;NA;NA;NA;NA;NA;NA;NA;NA;NA;NA;NA;NA;NA;NA;NA;NA;NA;NA;NA
2014-05-10 21:19:00;2014-05-11 02:17:00;298;1;3.9;2.4;2014-05-10 22:07:00;2014-05-11 00:29:00;142;1;5.9;2.4;2014-05-10 22:13:00;2014-05-11 00:17:00;124;0.9;6;2.4;2014-05-10 22:07:00;2014-05-11 00:15:00;128;1.1;5.8;2.3;NA;NA;NA;NA;NA;NA;NA;NA;NA;NA;NA;NA;NA;NA;NA;NA;NA;NA;NA;NA;NA;NA;NA;NA
2014-05-11 10:01:00;2014-05-11 12:11:00;130;0.7;7.9;3.8;2014-05-11 10:03:00;2014-05-11 10:14:00;11;0.9;17.8;5.3;2014-05-11 10:05:00;2014-05-11 10:23:00;18;0.5;6;2.4;2014-05-11 10:01:00;2014-05-11 10:15:00;14;0.7;17.6;3.5;NA;NA;NA;NA;NA;NA;NA;NA;NA;NA;NA;NA;NA;NA;NA;NA;NA;NA;NA;NA;NA;NA;NA;NA
2014-05-13 10:01:00;2014-05-13 14:51:00;290;3.2;14.1;5.6;2014-05-13 10:01:00;2014-05-13 13:08:00;187;3.7;23.8;9.5;2014-05-13 10:06:00;2014-05-13 13:06:00;180;3.3;30.3;6.6;2014-05-13 10:07:00;2014-05-13 13:08:00;181;2.7;36.3;7.2;NA;NA;NA;NA;NA;NA;NA;NA;NA;NA;NA;NA;NA;NA;NA;NA;NA;NA;NA;NA;NA;NA;NA;NA
2014-05-13 15:49:00;2014-05-13 16:28:00;39;0.8;5.9;2.2;2014-05-13 15:49:00;2014-05-13 16:20:00;31;0.6;5.9;1.8;2014-05-13 16:11:00;2014-05-13 16:28:00;17;0.9;12;4.8;2014-05-13 15:53:00;2014-05-13 16:22:00;29;0.9;11.8;4.1;NA;NA;NA;NA;NA;NA;NA;NA;NA;NA;NA;NA;NA;NA;NA;NA;NA;NA;NA;NA;NA;NA;NA;NA
2014-05-16 17:09:00;2014-05-17 02:31:00;562;6.3;4;2.2;2014-05-16 17:09:00;2014-05-17 00:03:00;414;6.3;5.9;2.4;2014-05-16 17:29:00;2014-05-17 00:07:00;398;6.5;6;2.4;2014-05-16 17:25:00;2014-05-17 00:04:00;399;6.2;5.8;2.9;NA;NA;NA;NA;NA;NA;NA;NA;NA;NA;NA;NA;NA;NA;NA;NA;NA;NA;NA;NA;NA;NA;NA;NA
2014-05-17 12:53:00;2014-05-17 23:51:00;658;16.2;7.9;5.5;2014-05-17 12:53:00;2014-05-17 21:09:00;496;16;11.9;5.9;2014-05-17 12:55:00;2014-05-17 21:14:00;499;16.7;6;5.4;2014-05-17 12:53:00;2014-05-17 21:04:00;491;15.7;11.8;6.4;NA;NA;NA;NA;NA;NA;NA;NA;NA;NA;NA;NA;NA;NA;NA;NA;NA;NA;NA;NA;NA;NA;NA;NA
2014-05-18 10:28:00;2014-05-18 13:21:00;173;0.7;3.9;1.2;2014-05-18 10:28:00;2014-05-18 11:26:00;58;0.7;5.9;1.2;2014-05-18 10:35:00;2014-05-18 12:01:00;86;0.8;6;1.2;2014-05-18 10:33:00;2014-05-18 11:31:00;58;0.5;5.8;1.2;NA;NA;NA;NA;NA;NA;NA;NA;NA;NA;NA;NA;NA;NA;NA;NA;NA;NA;NA;NA;NA;NA;NA;NA
2014-05-18 19:58:00;2014-05-18 23:55:00;237;1.2;3.9;1.2;2014-05-18 20:00:00;2014-05-18 21:53:00;113;1;5.9;1.2;2014-05-18 19:58:00;2014-05-18 22:42:00;164;1.4;6;1.2;2014-05-18 20:01:00;2014-05-18 22:25:00;144;1.2;5.8;1.2;NA;NA;NA;NA;NA;NA;NA;NA;NA;NA;NA;NA;NA;NA;NA;NA;NA;NA;NA;NA;NA;NA;NA;NA
2014-05-23 14:54:00;2014-05-24 10:01:00;1147;55.5;145.8;107.9;2014-05-23 15:01:00;2014-05-24 08:06:00;1025;65.1;162.2;145.9;2014-05-23 14:55:00;2014-05-24 08:06:00;1031;48.7;132.4;97.5;2014-05-23 14:58:00;2014-05-24 07:58:00;1020;52.7;174.4;104;NA;NA;NA;NA;NA;NA;NA;NA;NA;NA;NA;NA;NA;NA;NA;NA;NA;NA;NA;NA;NA;NA;NA;NA
2014-05-27 06:51:00;2014-05-27 09:33:00;162;4.6;16.2;9.3;2014-05-27 06:56:00;2014-05-27 07:47:00;51;4;29.7;8.3;2014-05-27 06:54:00;2014-05-27 07:48:00;54;3.6;23.9;11.3;2014-05-27 06:51:00;2014-05-27 07:47:00;56;6.2;42.7;13.2;NA;NA;NA;NA;NA;NA;NA;NA;NA;NA;NA;NA;NA;NA;NA;NA;NA;NA;NA;NA;NA;NA;NA;NA
2014-05-27 13:52:00;2014-05-27 19:21:00;329;16.4;61;45.9;2014-05-27 13:52:00;2014-05-27 16:29:00;157;14.7;60.1;52.8;2014-05-27 13:54:00;2014-05-27 16:19:00;145;17.7;90.2;70.7;2014-05-27 13:57:00;2014-05-27 16:19:00;142;16.6;88.6;65.7;NA;NA;NA;NA;NA;NA;NA;NA;NA;NA;NA;NA;NA;NA;NA;NA;NA;NA;NA;NA;NA;NA;NA;NA
2014-05-28 11:07:00;2014-05-30 02:13:00;2346;23.5;24.6;12.5;2014-05-28 11:15:00;2014-05-30 02:13:00;2338;23.1;11.9;10.1;2014-05-28 11:11:00;2014-05-29 18:04:00;1853;19.9;17.9;10.8;2014-05-28 11:14:00;2014-05-29 17:59:00;1845;27.4;55.9;26.1;NA;NA;NA;NA;NA;NA;NA;NA;NA;NA;NA;NA;NA;NA;NA;NA;NA;NA;NA;NA;NA;NA;NA;NA
2014-06-24 22:50:00;2014-06-25 01:01:00;131;0.6;5.9;1.8;2014-06-24 22:55:00;2014-06-25 00:35:00;100;0.7;5.9;1.8;2014-06-24 22:53:00;2014-06-24 23:27:00;34;0.6;6;1.8;2014-06-24 22:56:00;2014-06-24 23:50:00;54;0.6;5.8;1.7;NA;NA;NA;NA;NA;NA;NA;NA;NA;NA;NA;NA;NA;NA;NA;NA;NA;NA;NA;NA;NA;NA;NA;NA
2014-06-25 01:40:00;2014-06-25 07:01:00;321;3.1;7.9;5.1;2014-06-25 02:25:00;2014-06-25 05:16:00;171;3.2;11.9;5.9;2014-06-25 01:40:00;2014-06-25 05:38:00;238;3.1;12;5.4;2014-06-25 01:46:00;2014-06-25 05:22:00;216;3.1;11.8;5.2;NA;NA;NA;NA;NA;NA;NA;NA;NA;NA;NA;NA;NA;NA;NA;NA;NA;NA;NA;NA;NA;NA;NA;NA
2014-06-25 12:25:00;2014-06-25 15:41:00;196;4.3;17.8;13.3;2014-06-25 12:57:00;2014-06-25 13:56:00;59;5;29.7;17.2;2014-06-25 13:02:00;2014-06-25 14:07:00;65;3.6;17.9;9;2014-06-25 12:28:00;2014-06-25 13:59:00;91;4.2;23.8;14.8;NA;NA;NA;NA;NA;NA;NA;NA;NA;NA;NA;NA;NA;NA;NA;NA;NA;NA;NA;NA;NA;NA;NA;NA
2014-06-28 19:38:00;2014-06-28 22:47:00;189;1.3;5.9;2.8;2014-06-28 19:39:00;2014-06-28 21:12:00;93;1.4;5.9;3;2014-06-28 19:41:00;2014-06-28 21:13:00;92;1.2;6;3;2014-06-28 19:39:00;2014-06-28 21:13:00;94;1.3;5.8;2.9;NA;NA;NA;NA;NA;NA;NA;NA;NA;NA;NA;NA;NA;NA;NA;NA;NA;NA;NA;NA;NA;NA;NA;NA
2014-06-29 12:51:00;2014-06-29 18:15:00;324;2.2;4;2.8;2014-06-29 12:53:00;2014-06-29 16:33:00;220;2.1;5.9;2.4;2014-06-29 12:51:00;2014-06-29 16:40:00;229;2.4;6;3;2014-06-29 12:54:00;2014-06-29 16:40:00;226;2.1;5.8;2.9;NA;NA;NA;NA;NA;NA;NA;NA;NA;NA;NA;NA;NA;NA;NA;NA;NA;NA;NA;NA;NA;NA;NA;NA
2014-06-30 15:31:00;2014-06-30 18:41:00;190;14;68.9;40.4;2014-06-30 15:31:00;2014-06-30 16:07:00;36;21.7;131;68.3;2014-06-30 15:31:00;2014-06-30 16:14:00;43;4.1;50.3;11.2;2014-06-30 15:32:00;2014-06-30 17:15:00;103;16.4;75.7;52.8;NA;NA;NA;NA;NA;NA;NA;NA;NA;NA;NA;NA;NA;NA;NA;NA;NA;NA;NA;NA;NA;NA;NA;NA
2014-07-01 12:55:00;2014-07-01 14:41:00;106;1.8;12.1;7.2;2014-07-01 12:59:00;2014-07-01 13:21:00;22;1.6;11.9;7.1;2014-07-01 12:55:00;2014-07-01 13:20:00;25;2;24;10.2;2014-07-01 13:01:00;2014-07-01 13:27:00;26;1.7;11.8;8.2;2014-07-01 13:02:00;2014-07-01 13:21:00;19;1.5;12.7;6.7;2014-07-01 12:55:00;2014-07-01 13:20:00;25;2.1;25.3;10.5;2014-07-01 12:56:00;2014-07-01 13:24:00;28;1.8;12.2;8.6;NA;NA;NA;NA;NA;NA
2014-07-05 17:00:00;2014-07-06 00:30:00;450;0.5;3;1.9;2014-07-05 20:50:00;2014-07-05 21:13:00;23;1.8;17.8;7.7;NA;NA;NA;NA;NA;NA;2014-07-05 21:07:00;2014-07-05 21:21:00;14;0.6;5.8;2.9;2014-07-05 17:00:00;2014-07-05 17:03:00;3;0.1;5.9;0.6;2014-07-05 17:05:00;2014-07-05 17:08:00;3;0.1;6.1;0.6;2014-07-05 21:07:00;2014-07-05 21:34:00;27;0.7;6.4;3.1;NA;NA;NA;NA;NA;NA
2014-07-07 18:27:00;2014-07-07 20:51:00;144;4.2;32;20.8;2014-07-07 18:29:00;2014-07-07 19:06:00;37;4.1;150.1;21;2014-07-07 18:27:00;2014-07-07 19:04:00;37;6;70;30.1;2014-07-07 18:31:00;2014-07-07 19:08:00;37;2.5;30.3;12.5;2014-07-07 18:28:00;2014-07-07 19:05:00;37;4;44.5;18.9;2014-07-07 18:27:00;2014-07-07 19:15:00;48;6.3;78.3;31.4;2014-07-07 18:31:00;2014-07-07 19:03:00;32;2.5;37.8;13.1;NA;NA;NA;NA;NA;NA
2014-07-08 11:12:00;2014-07-09 01:59:00;887;26.8;85.1;46.4;2014-07-08 11:17:00;2014-07-09 01:30:00;853;31.2;100.1;55.7;2014-07-08 11:14:00;2014-07-09 01:50:00;876;23.6;97.7;32.4;2014-07-08 11:15:00;2014-07-09 01:59:00;884;30;154;74.6;2014-07-08 11:13:00;2014-07-09 01:49:00;876;21.5;63.4;34.2;2014-07-08 11:14:00;2014-07-09 01:51:00;877;23.8;92.6;31.6;2014-07-08 11:15:00;2014-07-09 01:50:00;875;30.8;162.7;74.1;NA;NA;NA;NA;NA;NA
2014-07-09 03:35:00;2014-07-09 06:11:00;156;0.6;3;1.2;2014-07-09 03:55:00;2014-07-09 04:30:00;35;0.5;5.9;1.2;2014-07-09 03:52:00;2014-07-09 04:29:00;37;0.6;6;1.8;2014-07-09 03:58:00;2014-07-09 04:24:00;26;0.4;5.8;1.2;2014-07-09 03:50:00;2014-07-09 05:33:00;103;0.7;5.9;1.8;2014-07-09 03:54:00;2014-07-09 04:28:00;34;0.6;6.1;1.8;2014-07-09 03:53:00;2014-07-09 04:42:00;49;0.6;6.4;1.3;NA;NA;NA;NA;NA;NA
2014-07-09 23:02:00;2014-07-10 09:11:00;609;5.4;5;2.1;2014-07-09 23:14:00;2014-07-10 08:48:00;574;5.2;5.9;1.8;2014-07-09 23:05:00;2014-07-10 08:06:00;541;5.4;6;1.8;2014-07-09 23:02:00;2014-07-10 08:03:00;541;4.8;5.8;2.3;2014-07-09 23:19:00;2014-07-10 07:24:00;485;5.2;5.9;2.4;2014-07-09 23:21:00;2014-07-10 08:33:00;552;5.7;6.1;2.4;2014-07-09 23:27:00;2014-07-10 08:04:00;517;5.7;6.4;2.5;NA;NA;NA;NA;NA;NA
2014-07-10 12:53:00;2014-07-10 16:31:00;218;0.8;3;0.8;2014-07-10 13:18:00;2014-07-10 15:01:00;103;0.6;5.9;1.2;2014-07-10 12:53:00;2014-07-10 15:10:00;137;0.9;6;1.2;2014-07-10 12:59:00;2014-07-10 15:07:00;128;0.8;5.8;1.2;2014-07-10 13:05:00;2014-07-10 15:11:00;126;0.9;5.9;1.2;2014-07-10 13:10:00;2014-07-10 15:13:00;123;0.9;6.1;1.2;2014-07-10 13:13:00;2014-07-10 15:05:00;112;0.9;6.4;1.3;NA;NA;NA;NA;NA;NA
2014-07-11 14:15:00;2014-07-11 18:41:00;266;12.4;79.3;55.7;2014-07-11 14:26:00;2014-07-11 16:25:00;119;9.3;79.7;47.6;2014-07-11 14:19:00;2014-07-11 16:27:00;128;16.3;181.3;75.1;2014-07-11 14:16:00;2014-07-11 16:25:00;129;10;110.5;50.7;2014-07-11 14:17:00;2014-07-11 16:30:00;133;12.9;103.4;58.1;2014-07-11 14:19:00;2014-07-11 16:27:00;128;15.9;168.8;72.4;2014-07-11 14:16:00;2014-07-11 16:23:00;127;9.9;112.6;49.4;NA;NA;NA;NA;NA;NA
2014-07-12 05:32:00;2014-07-12 07:51:00;139;1.3;13.2;6.3;2014-07-12 05:32:00;2014-07-12 05:58:00;26;1.1;17.8;4.8;2014-07-12 05:36:00;2014-07-12 05:59:00;23;1.3;17.9;6.6;2014-07-12 05:40:00;2014-07-12 06:03:00;23;0.8;11.9;3.5;2014-07-12 05:37:00;2014-07-12 05:58:00;21;2.4;31.7;13.1;2014-07-12 05:36:00;2014-07-12 05:56:00;20;1.4;18.6;7.9;2014-07-12 05:40:00;2014-07-12 05:59:00;19;0.8;18.5;3.7;NA;NA;NA;NA;NA;NA
2014-07-13 14:01:00;2014-07-13 17:21:00;200;4.8;17.1;11.3;2014-07-13 14:01:00;2014-07-13 15:09:00;68;6.2;29.7;18.4;2014-07-13 14:09:00;2014-07-13 15:10:00;61;4.7;17.9;10.7;2014-07-13 14:11:00;2014-07-13 15:10:00;59;4.6;23.8;9.5;2014-07-13 14:19:00;2014-07-13 15:10:00;51;4.2;25.4;9.9;2014-07-13 14:09:00;2014-07-13 15:43:00;94;4.7;18.6;11.1;2014-07-13 14:11:00;2014-07-13 15:09:00;58;4.7;24.9;9.8;NA;NA;NA;NA;NA;NA
2014-07-21 16:04:00;2014-07-22 01:49:00;585;13.5;17.3;12;2014-07-21 17:18:00;2014-07-22;402;11.3;42.2;14.4;2014-07-21 17:20:00;2014-07-21 23:42:00;382;13;23.8;10.2;2014-07-21 16:18:00;2014-07-22 01:22:00;544;11.9;30.2;14.3;2014-07-21 16:16:00;2014-07-21 23:39:00;443;18.6;50.7;18.2;2014-07-21 17:14:00;2014-07-21 23:39:00;385;13.2;25.1;9.9;2014-07-21 16:54:00;2014-07-22 00:06:00;432;13.2;37.9;15.5;NA;NA;NA;NA;NA;NA
2014-07-26 22:55:00;2014-07-26 23:42:00;47;0.7;7;4.1;2014-07-26 23:00:00;2014-07-26 23:42:00;42;2.2;35.6;12.5;NA;NA;NA;NA;NA;NA;2014-07-26 22:58:00;2014-07-26 23:10:00;12;1.1;17.8;6.5;NA;NA;NA;NA;NA;NA;NA;NA;NA;NA;NA;NA;2014-07-26 22:58:00;2014-07-26 23:08:00;10;1;12.7;6.2;NA;NA;NA;NA;NA;NA
2014-07-27 18:23:00;2014-07-27 20:11:00;108;2.1;11;8.7;2014-07-27 18:29:00;2014-07-27 18:51:00;22;5.5;41.9;27.4;2014-07-27 18:34:00;2014-07-27 18:37:00;3;0.1;6;0.6;2014-07-27 18:26:00;2014-07-27 18:50:00;24;3.3;29.9;15.5;2014-07-27 18:41:00;2014-07-27 18:44:00;3;0.1;5.9;0.6;NA;NA;NA;NA;NA;NA;2014-07-27 18:26:00;2014-07-27 18:49:00;23;3.4;25.1;16.1;NA;NA;NA;NA;NA;NA
2014-07-29 16:47:00;2014-07-29 18:21:00;94;1.2;9.1;6.5;2014-07-29 16:52:00;2014-07-29 17:08:00;16;4;47.8;22.6;NA;NA;NA;NA;NA;NA;2014-07-29 16:49:00;2014-07-29 17:03:00;14;1.7;29.9;9.5;NA;NA;NA;NA;NA;NA;NA;NA;NA;NA;NA;NA;2014-07-29 16:50:00;2014-07-29 17:08:00;18;1.7;24.7;9.3;NA;NA;NA;NA;NA;NA
2014-07-30 16:23:00;2014-07-30 20:19:00;236;1.7;4;1.5;2014-07-30 16:52:00;2014-07-30 19:19:00;147;2.4;5.9;2.4;2014-07-30 16:27:00;2014-07-30 18:32:00;125;3.2;6;4.2;2014-07-30 16:48:00;2014-07-30 18:37:00;109;1.4;5.8;1.7;2014-07-30 16:40:00;2014-07-30 18:46:00;126;2;6;2.4;NA;NA;NA;NA;NA;NA;2014-07-30 16:55:00;2014-07-30 18:39:00;104;1.5;6.4;2.5;NA;NA;NA;NA;NA;NA
2014-08-11 02:26:00;2014-08-11 14:43:00;737;7.8;6;4.3;2014-08-11 02:31:00;2014-08-11 12:36:00;605;7.7;5.9;4.2;2014-08-11 02:30:00;2014-08-11 12:30:00;600;8;6;4.8;2014-08-11 02:26:00;2014-08-11 12:31:00;605;7.3;5.8;4.1;2014-08-11 02:31:00;2014-08-11 12:31:00;600;7.6;6.1;3.6;2014-08-11 02:30:00;2014-08-11 12:49:00;619;8.2;6.1;5.5;2014-08-11 02:33:00;2014-08-11 12:32:00;599;8.1;6.4;4.9;NA;NA;NA;NA;NA;NA
2014-08-14 15:10:00;2014-08-14 17:11:00;121;5.4;41.3;26.6;2014-08-14 15:26:00;2014-08-14 15:41:00;15;1.7;17.8;9.5;2014-08-14 15:17:00;2014-08-14 15:38:00;21;6.8;76.7;34.7;2014-08-14 15:20:00;2014-08-14 15:38:00;18;5.6;69.1;31.3;2014-08-14 15:10:00;2014-08-14 15:38:00;28;6;56.8;25.3;2014-08-14 15:17:00;2014-08-14 15:37:00;20;6.8;85.4;36.1;2014-08-14 15:21:00;2014-08-14 15:37:00;16;5.6;71.2;31.7;NA;NA;NA;NA;NA;NA
2014-08-15 14:51:00;2014-08-15 16:55:00;124;2.1;16.3;10.7;2014-08-15 14:51:00;2014-08-15 15:27:00;36;1.9;17.8;7.7;2014-08-15 15:12:00;2014-08-15 15:56:00;44;1.9;24;10.2;2014-08-15 15:15:00;2014-08-15 15:54:00;39;1.7;23.9;9.5;2014-08-15 15:11:00;2014-08-15 15:41:00;30;3.2;44.3;18.3;2014-08-15 15:11:00;2014-08-15 15:54:00;43;2;25.4;10.5;2014-08-15 15:15:00;2014-08-15 16:04:00;49;1.8;24.8;9.2;NA;NA;NA;NA;NA;NA
2014-08-16 05:31:00;2014-08-16 08:10:00;159;1;4;1.9;2014-08-16 05:34:00;2014-08-16 06:57:00;83;1;5.9;3;2014-08-16 05:38:00;2014-08-16 07:01:00;83;0.9;6;1.8;2014-08-16 05:35:00;2014-08-16 07:31:00;116;1.1;5.8;2.3;2014-08-16 06:22:00;2014-08-16 07:43:00;81;1;12.1;2.4;2014-08-16 05:34:00;2014-08-16 07:01:00;87;0.9;6.1;2.4;2014-08-16 05:39:00;2014-08-16 08:10:00;151;1.2;6.4;3.1;NA;NA;NA;NA;NA;NA
2014-08-16 14:27:00;2014-08-16 16:55:00;148;5.1;26.8;15;2014-08-16 14:27:00;2014-08-16 15:15:00;48;8.7;17.8;16;2014-08-16 14:36:00;2014-08-16 15:08:00;32;2.3;24;9;2014-08-16 14:32:00;2014-08-16 15:15:00;43;7.3;49.2;24.8;2014-08-16 14:37:00;2014-08-16 15:08:00;31;2.9;18.9;9.3;2014-08-16 14:36:00;2014-08-16 15:07:00;31;2.2;19;8.6;2014-08-16 14:33:00;2014-08-16 15:11:00;38;7.3;50.7;24.4;NA;NA;NA;NA;NA;NA
2014-08-26 05:11:00;2014-08-26 14:01:00;530;4.8;6;3.5;2014-08-26 05:18:00;2014-08-26 12:13:00;415;4.4;5.9;3.6;2014-08-26 05:16:00;2014-08-26 12:17:00;421;5.2;6;4.2;2014-08-26 05:24:00;2014-08-26 12:17:00;413;4.1;5.8;3.5;2014-08-26 05:22:00;2014-08-26 12:26:00;424;5.2;6;3.6;2014-08-26 05:11:00;2014-08-26 12:14:00;423;5.1;6.1;3.6;2014-08-26 05:26:00;2014-08-26 12:16:00;410;4.8;6.4;3.7;NA;NA;NA;NA;NA;NA
2014-08-26 14:11:00;2014-08-26 16:31:00;140;0.7;3;1.3;2014-08-26 14:13:00;2014-08-26 14:53:00;40;0.6;5.9;1.8;2014-08-26 14:11:00;2014-08-26 14:51:00;40;0.9;6;2.4;2014-08-26 14:22:00;2014-08-26 15:19:00;57;0.4;5.8;1.2;2014-08-26 14:14:00;2014-08-26 14:59:00;45;0.6;5.9;1.2;2014-08-26 14:11:00;2014-08-26 15:12:00;61;1;12.2;2.4;2014-08-26 14:17:00;2014-08-26 14:56:00;39;0.4;6.4;1.3;NA;NA;NA;NA;NA;NA
2014-08-26 22:17:00;2014-08-27 09:01:00;644;9;6;3.5;2014-08-26 22:25:00;2014-08-27 07:50:00;565;8.5;5.9;3.6;2014-08-26 22:17:00;2014-08-27 06:44:00;507;9.3;6;4.2;2014-08-26 22:29:00;2014-08-27 06:45:00;496;7.6;5.8;2.9;2014-08-26 22:24:00;2014-08-27 06:48:00;504;9.3;6;4.2;2014-08-26 22:30:00;2014-08-27 06:59:00;509;9.5;6.1;4.3;2014-08-26 22:26:00;2014-08-27 06:44:00;498;9.6;6.4;3.7;NA;NA;NA;NA;NA;NA
2014-08-29 14:59:00;2014-08-29 17:25:00;146;4;26.9;17.9;2014-08-29 15:06:00;2014-08-29 15:28:00;22;3.1;23.8;14.3;2014-08-29 15:02:00;2014-08-29 15:35:00;33;5.2;36.7;23.6;2014-08-29 15:06:00;2014-08-29 15:27:00;21;4.5;36.4;21.6;2014-08-29 15:03:00;2014-08-29 15:55:00;52;5.7;50.6;27.8;2014-08-29 15:02:00;2014-08-29 16:48:00;106;5.3;38.8;24.2;NA;NA;NA;NA;NA;NA;NA;NA;NA;NA;NA;NA
2014-08-30 12:40:00;2014-08-30 14:41:00;121;1.3;11.1;4.2;2014-08-30 12:43:00;2014-08-30 13:15:00;32;5;60.4;17.4;2014-08-30 12:57:00;2014-08-30 13:13:00;16;0.4;6;1.8;2014-08-30 12:45:00;2014-08-30 13:15:00;30;1.6;11.8;5.9;2014-08-30 13:04:00;2014-08-30 13:13:00;9;0.3;5.9;1.8;2014-08-30 13:01:00;2014-08-30 13:12:00;11;0.3;6.1;1.8;NA;NA;NA;NA;NA;NA;NA;NA;NA;NA;NA;NA
2014-08-31 08:42:00;2014-08-31 13:53:00;311;2.4;4;1.5;2014-08-31 08:43:00;2014-08-31 12:26:00;223;2.9;5.9;1.8;2014-08-31 08:49:00;2014-08-31 12:50:00;241;3;6;1.8;2014-08-31 08:49:00;2014-08-31 12:28:00;219;2.5;5.8;1.7;2014-08-31 08:42:00;2014-08-31 12:45:00;243;2.9;5.9;2.4;2014-08-31 08:46:00;2014-08-31 12:43:00;237;3.2;6.1;2.4;NA;NA;NA;NA;NA;NA;NA;NA;NA;NA;NA;NA
2014-08-31 19:16:00;2014-08-31 23:25:00;249;1.5;3;1.8;2014-08-31 19:22:00;2014-08-31 23:18:00;236;1.9;5.9;2.4;2014-08-31 19:26:00;2014-08-31 23:04:00;218;1.5;6;1.8;2014-08-31 19:16:00;2014-08-31 23:23:00;247;2;5.8;2.9;2014-08-31 19:25:00;2014-08-31 23:25:00;240;1.7;5.9;2.4;2014-08-31 19:21:00;2014-08-31 23:23:00;242;1.6;6.1;1.8;NA;NA;NA;NA;NA;NA;NA;NA;NA;NA;NA;NA
2014-09-01 13:57:00;2014-09-02 08:41:00;1124;10.9;4;2;2014-09-01 14:18:00;2014-09-02 07:06:00;1008;12.5;5.9;2.4;2014-09-01 14:19:00;2014-09-02 06:58:00;999;13;6;2.4;2014-09-01 13:58:00;2014-09-02 07:34:00;1056;11.7;5.8;2.3;2014-09-01 14:01:00;2014-09-02 06:49:00;1008;14.4;6;3;2014-09-01 13:57:00;2014-09-02 06:50:00;1013;13.7;6.1;2.4;NA;NA;NA;NA;NA;NA;NA;NA;NA;NA;NA;NA
2014-09-02 19:58:00;2014-09-03 01:05:00;307;0.6;2;0.5;2014-09-02 20:49:00;2014-09-03 00:06:00;197;0.8;5.9;0.6;2014-09-02 20:10:00;2014-09-02 22:56:00;166;0.7;6;0.6;2014-09-02 20:50:00;2014-09-03 01:05:00;255;0.7;5.8;0.6;2014-09-02 20:29:00;2014-09-02 23:09:00;160;0.8;5.9;0.6;2014-09-02 20:49:00;2014-09-02 23:08:00;139;0.7;6.1;0.6;NA;NA;NA;NA;NA;NA;NA;NA;NA;NA;NA;NA
2014-09-08 16:08:00;2014-09-08 19:03:00;175;4.6;30.1;13;2014-09-08 16:10:00;2014-09-08 17:24:00;74;8.6;73.4;27;2014-09-08 16:10:00;2014-09-08 17:30:00;80;4.7;30.5;13.2;2014-09-08 16:15:00;2014-09-08 17:39:00;84;5.2;49.4;19.9;2014-09-08 16:10:00;2014-09-08 17:27:00;77;4.3;44.5;12.5;2014-09-08 16:10:00;2014-09-08 17:21:00;71;4.6;38.7;13.7;NA;NA;NA;NA;NA;NA;NA;NA;NA;NA;NA;NA
2014-09-08 20:39:00;2014-09-08 23:07:00;148;1.5;9.2;6.8;2014-09-08 20:39:00;2014-09-08 21:19:00;40;0.4;5.9;1.2;2014-09-08 20:56:00;2014-09-08 23:06:00;130;2.4;17.9;11.9;2014-09-08 21:07:00;2014-09-08 21:44:00;37;1.3;17.8;6.5;2014-09-08 20:54:00;2014-09-08 21:40:00;46;2.8;19;11.2;2014-09-08 20:54:00;2014-09-08 21:43:00;49;2.5;18.5;11.7;NA;NA;NA;NA;NA;NA;NA;NA;NA;NA;NA;NA
2014-09-11 15:52:00;2014-09-12 12:01:00;1209;18;12.1;6.7;2014-09-11 15:52:00;2014-09-12 11:17:00;1165;20.6;17.8;6.5;2014-09-11 16:43:00;2014-09-12 10:31:00;1068;21.4;17.9;8.4;2014-09-11 15:59:00;2014-09-12 11:25:00;1166;20;29.8;10.7;2014-09-11 16:53:00;2014-09-12 11:19:00;1106;23.5;19;8.6;2014-09-11 16:40:00;2014-09-12 11:21:00;1121;22.3;18.4;8.6;NA;NA;NA;NA;NA;NA;NA;NA;NA;NA;NA;NA
2014-09-12 12:26:00;2014-09-12 20:37:00;491;15.8;50.4;25.4;2014-09-12 12:26:00;2014-09-12 14:17:00;111;19.9;54.2;34;2014-09-12 12:30:00;2014-09-12 14:11:00;101;18.4;63;27.7;2014-09-12 12:27:00;2014-09-12 14:10:00;103;17.5;49.7;30.8;2014-09-12 12:30:00;2014-09-12 14:10:00;100;19.8;77.1;34.9;2014-09-12 12:31:00;2014-09-12 14:12:00;101;19;64.9;28.9;NA;NA;NA;NA;NA;NA;NA;NA;NA;NA;NA;NA
2014-09-14 03:27:00;2014-09-14 06:53:00;206;1.9;11.3;4.4;2014-09-14 03:34:00;2014-09-14 05:27:00;113;0.9;5.9;1.8;2014-09-14 03:31:00;2014-09-14 05:30:00;119;2.6;12;6.6;2014-09-14 03:29:00;2014-09-14 04:54:00;85;1.5;11.7;2.9;2014-09-14 03:29:00;2014-09-14 05:12:00;103;3.7;31.8;10;2014-09-14 03:31:00;2014-09-14 05:01:00;90;2.6;12.4;6.7;NA;NA;NA;NA;NA;NA;NA;NA;NA;NA;NA;NA
2014-09-14 11:33:00;2014-09-14 14:49:00;196;0.9;6.1;1.5;2014-09-14 11:39:00;2014-09-14 13:36:00;117;1.6;11.9;3.6;2014-09-14 11:42:00;2014-09-14 13:03:00;81;0.9;12;2.4;2014-09-14 11:39:00;2014-09-14 13:15:00;96;0.8;5.8;1.7;2014-09-14 11:34:00;2014-09-14 12:56:00;82;1.2;12.6;4.3;2014-09-14 11:33:00;2014-09-14 13:16:00;103;1;12.2;2.4;NA;NA;NA;NA;NA;NA;NA;NA;NA;NA;NA;NA
2014-09-14 16:42:00;2014-09-14 22:41:00;359;6.2;11;8.8;2014-09-14 16:42:00;2014-09-14 22:20:00;338;7.1;23.8;12.5;2014-09-14 17:12:00;2014-09-14 20:35:00;203;7.2;17.9;10.2;2014-09-14 16:49:00;2014-09-14 21:50:00;301;7.7;23.9;14.2;2014-09-14 16:44:00;2014-09-14 22:04:00;320;7.6;18.8;10.5;2014-09-14 17:13:00;2014-09-14 19:22:00;129;7.3;18.7;9.8;NA;NA;NA;NA;NA;NA;NA;NA;NA;NA;NA;NA
2014-09-19 21:59:00;2014-09-20 00:53:00;174;4.8;28.9;20.6;2014-09-19 22:03:00;2014-09-19 22:32:00;29;6.6;48;30.4;2014-09-19 22:00:00;2014-09-19 22:32:00;32;5.3;36.5;24;2014-09-19 22:02:00;2014-09-19 22:35:00;33;5.4;42.7;24.6;2014-09-19 22:01:00;2014-09-19 22:35:00;34;6.2;38.1;28.6;2014-09-19 22:00:00;2014-09-19 22:31:00;31;5.3;45.3;24.1;NA;NA;NA;NA;NA;NA;NA;NA;NA;NA;NA;NA
2014-09-20 14:55:00;2014-09-20 17:19:00;144;1.7;9.3;6.3;2014-09-20 15:22:00;2014-09-20 16:14:00;52;0.4;5.9;1.2;2014-09-20 15:01:00;2014-09-20 15:28:00;27;1.1;12;4.8;2014-09-20 15:03:00;2014-09-20 15:32:00;29;3.1;24;13.7;2014-09-20 14:55:00;2014-09-20 15:33:00;38;4.6;38.2;23.4;2014-09-20 15:02:00;2014-09-20 15:27:00;25;1;12.1;4.9;NA;NA;NA;NA;NA;NA;NA;NA;NA;NA;NA;NA
2014-09-21 19:34:00;2014-09-22 02:31:00;417;6.3;8;5.4;2014-09-21 19:34:00;2014-09-22 00:56:00;322;5.5;11.9;5.3;2014-09-21 20:04:00;2014-09-22 00:44:00;280;7.9;17.8;9;2014-09-21 19:38:00;2014-09-22 00:53:00;315;6.8;11.8;5.8;2014-09-21 19:41:00;2014-09-22 00:47:00;306;9.4;18.9;9.9;2014-09-21 19:35:00;2014-09-22 00:44:00;309;8.1;18.8;9.8;NA;NA;NA;NA;NA;NA;NA;NA;NA;NA;NA;NA
2014-09-22 21:14:00;2014-09-23 00:59:00;225;0.7;3;1.1;2014-09-22 21:14:00;2014-09-22 23:41:00;147;0.9;5.9;1.2;2014-09-22 21:53:00;2014-09-22 23:23:00;90;0.8;6;1.8;2014-09-22 21:56:00;2014-09-22 23:39:00;103;0.7;5.8;1.2;2014-09-22 21:22:00;2014-09-22 23:52:00;150;0.9;5.9;1.8;2014-09-22 21:52:00;2014-09-22 23:23:00;91;0.8;6.1;1.8;NA;NA;NA;NA;NA;NA;NA;NA;NA;NA;NA;NA
2014-10-08 05:38:00;2014-10-08 09:53:00;255;1.9;3.1;1.3;2014-10-08 05:41:00;2014-10-08 08:08:00;147;1.9;5.9;1.2;2014-10-08 05:38:00;2014-10-08 07:58:00;140;2;6;1.8;2014-10-08 05:41:00;2014-10-08 08:08:00;147;1.7;5.8;1.2;2014-10-08 05:40:00;2014-10-08 09:00:00;200;2;5.9;1.8;2014-10-08 05:39:00;2014-10-08 07:55:00;136;2;6.1;1.8;2014-10-08 05:38:00;2014-10-08 08:09:00;151;2;6.4;1.3;NA;NA;NA;NA;NA;NA
2014-10-13 23:00:00;2014-10-14 10:21:00;681;18.5;19.3;17.8;2014-10-13 23:01:00;2014-10-14 07:23:00;502;16.6;23.8;16;2014-10-13 23:00:00;2014-10-14 07:26:00;506;18.7;23.9;19;2014-10-13 23:01:00;2014-10-14 07:26:00;505;16.4;24;18.5;2014-10-13 23:13:00;2014-10-14 07:00:00;467;20.1;25.2;17;2014-10-13 23:30:00;2014-10-14 07:00:00;450;19.6;25.3;19.9;2014-10-13 23:01:00;2014-10-14 06:57:00;476;19.3;31.3;21.1;NA;NA;NA;NA;NA;NA
2014-10-15 17:43:00;2014-10-15 20:24:00;161;1.3;6;3.9;2014-10-15 17:43:00;2014-10-15 20:24:00;161;1.3;5.9;3.6;2014-10-15 17:49:00;2014-10-15 18:22:00;33;1.2;6;4.2;2014-10-15 17:49:00;2014-10-15 18:28:00;39;1.3;5.8;4.1;2014-10-15 17:50:00;2014-10-15 18:25:00;35;1.2;6;4.2;2014-10-15 17:48:00;2014-10-15 19:40:00;112;1.3;6.1;4.2;2014-10-15 17:44:00;2014-10-15 18:24:00;40;1.4;6.4;4.9;NA;NA;NA;NA;NA;NA
2014-10-16 03:42:00;2014-10-16 11:31:00;469;7;24.6;10.2;2014-10-16 03:42:00;2014-10-16 08:32:00;290;6.1;29.8;10.7;2014-10-16 05:27:00;2014-10-16 08:29:00;182;7;24.1;10.2;2014-10-16 06:01:00;2014-10-16 09:26:00;205;6.7;42.8;11.4;2014-10-16 04:42:00;2014-10-16 08:31:00;229;6.7;12.2;6.1;2014-10-16 05:38:00;2014-10-16 08:31:00;173;7.4;38.4;11.3;2014-10-16 05:33:00;2014-10-16 08:34:00;181;7.9;50.9;13.8;NA;NA;NA;NA;NA;NA
2014-10-16 17:03:00;2014-10-16 19:31:00;148;2.1;35.6;12.6;2014-10-16 17:07:00;2014-10-16 17:17:00;10;0.3;5.9;1.8;2014-10-16 17:04:00;2014-10-16 17:13:00;9;2.4;83.6;14.5;2014-10-16 17:06:00;2014-10-16 17:14:00;8;2.9;76;17.5;2014-10-16 17:04:00;2014-10-16 17:13:00;9;1.7;44.5;10;2014-10-16 17:04:00;2014-10-16 17:14:00;10;2.4;85.5;14.3;2014-10-16 17:06:00;2014-10-16 17:14:00;8;3;77.6;18;NA;NA;NA;NA;NA;NA
2014-10-17 06:29:00;2014-10-17 13:01:00;392;2.9;4;1.4;2014-10-17 06:29:00;2014-10-17 10:49:00;260;2.9;5.9;1.8;2014-10-17 06:31:00;2014-10-17 10:48:00;257;2.9;6;1.8;2014-10-17 06:34:00;2014-10-17 10:41:00;247;2.6;5.8;1.7;2014-10-17 06:38:00;2014-10-17 10:50:00;252;3;5.9;1.8;2014-10-17 06:34:00;2014-10-17 10:46:00;252;3.1;6.1;1.8;2014-10-17 06:37:00;2014-10-17 10:52:00;255;3.1;6.4;1.9;NA;NA;NA;NA;NA;NA
2014-10-21 22:00:00;2014-10-22 02:51:00;291;6.3;13.1;8.1;2014-10-21 22:00:00;2014-10-22 00:55:00;175;7.5;29.7;10.1;2014-10-21 22:05:00;2014-10-22 00:50:00;165;5.8;12;8.4;2014-10-21 22:01:00;2014-10-22 01:25:00;204;6;17.8;7.6;2014-10-21 22:05:00;2014-10-22 01:09:00;184;5.8;12.5;7.9;2014-10-21 22:05:00;2014-10-22 00:51:00;166;5.8;12.4;7.9;2014-10-21 22:07:00;2014-10-22 00:59:00;172;6.6;18.6;8.5;NA;NA;NA;NA;NA;NA
2014-10-22 10:47:00;2014-10-23 08:31:00;1304;11.9;6;3.9;2014-10-22 11:02:00;2014-10-23 05:44:00;1122;11.3;5.9;4.2;2014-10-22 10:51:00;2014-10-23 05:37:00;1126;12.3;6;4.8;2014-10-22 11:14:00;2014-10-23 05:37:00;1103;10.1;5.8;3.5;2014-10-22 10:52:00;2014-10-23 05:38:00;1126;12.8;6;3.6;2014-10-22 10:47:00;2014-10-23 07:41:00;1254;12.9;6.1;4.2;2014-10-22 11:14:00;2014-10-23 05:36:00;1102;11.8;6.4;3.7;NA;NA;NA;NA;NA;NA
2015-01-02 09:20:00;2015-01-02 15:01:00;341;0;-Inf;0;NA;NA;NA;NA;NA;NA;NA;NA;NA;NA;NA;NA;NA;NA;NA;NA;NA;NA;NA;NA;NA;NA;NA;NA;NA;NA;NA;NA;NA;NA;NA;NA;NA;NA;NA;NA;NA;NA;NA;NA;NA;NA
2015-01-03 23:59:00;2015-01-04 02:23:00;144;0;-Inf;0;NA;NA;NA;NA;NA;NA;NA;NA;NA;NA;NA;NA;NA;NA;NA;NA;NA;NA;NA;NA;NA;NA;NA;NA;NA;NA;NA;NA;NA;NA;NA;NA;NA;NA;NA;NA;NA;NA;NA;NA;NA;NA
2015-01-05 02:36:00;2015-01-05 18:01:00;925;0;-Inf;0;NA;NA;NA;NA;NA;NA;NA;NA;NA;NA;NA;NA;NA;NA;NA;NA;NA;NA;NA;NA;NA;NA;NA;NA;NA;NA;NA;NA;NA;NA;NA;NA;NA;NA;NA;NA;NA;NA;NA;NA;NA;NA
2015-01-08 18:59:00;2015-01-09 02:01:00;422;0;-Inf;0;NA;NA;NA;NA;NA;NA;NA;NA;NA;NA;NA;NA;NA;NA;NA;NA;NA;NA;NA;NA;NA;NA;NA;NA;NA;NA;NA;NA;NA;NA;NA;NA;NA;NA;NA;NA;NA;NA;NA;NA;NA;NA
2015-01-10 00:11:00;2015-01-10 09:01:00;530;0;-Inf;0;NA;NA;NA;NA;NA;NA;NA;NA;NA;NA;NA;NA;NA;NA;NA;NA;NA;NA;NA;NA;NA;NA;NA;NA;NA;NA;NA;NA;NA;NA;NA;NA;NA;NA;NA;NA;NA;NA;NA;NA;NA;NA
2015-01-22 20:26:00;2015-01-23 07:01:00;635;0;-Inf;0;NA;NA;NA;NA;NA;NA;NA;NA;NA;NA;NA;NA;NA;NA;NA;NA;NA;NA;NA;NA;NA;NA;NA;NA;NA;NA;NA;NA;NA;NA;NA;NA;NA;NA;NA;NA;NA;NA;NA;NA;NA;NA
2015-01-27 04:59:00;2015-01-28 04:01:00;1382;0;-Inf;0;NA;NA;NA;NA;NA;NA;NA;NA;NA;NA;NA;NA;NA;NA;NA;NA;NA;NA;NA;NA;NA;NA;NA;NA;NA;NA;NA;NA;NA;NA;NA;NA;NA;NA;NA;NA;NA;NA;NA;NA;NA;NA
2015-03-01 10:49:00;2015-03-01 16:01:00;312;0;-Inf;0;NA;NA;NA;NA;NA;NA;NA;NA;NA;NA;NA;NA;NA;NA;NA;NA;NA;NA;NA;NA;NA;NA;NA;NA;NA;NA;NA;NA;NA;NA;NA;NA;NA;NA;NA;NA;NA;NA;NA;NA;NA;NA
2015-03-26 18:49:00;2015-03-27 09:21:00;872;0;-Inf;0;NA;NA;NA;NA;NA;NA;NA;NA;NA;NA;NA;NA;NA;NA;NA;NA;NA;NA;NA;NA;NA;NA;NA;NA;NA;NA;NA;NA;NA;NA;NA;NA;NA;NA;NA;NA;NA;NA;NA;NA;NA;NA
2015-03-29 15:35:00;2015-03-29 21:01:00;326;0;-Inf;0;NA;NA;NA;NA;NA;NA;NA;NA;NA;NA;NA;NA;NA;NA;NA;NA;NA;NA;NA;NA;NA;NA;NA;NA;NA;NA;NA;NA;NA;NA;NA;NA;NA;NA;NA;NA;NA;NA;NA;NA;NA;NA
2015-03-30 01:24:00;2015-03-30 04:31:00;187;0;-Inf;0;NA;NA;NA;NA;NA;NA;NA;NA;NA;NA;NA;NA;NA;NA;NA;NA;NA;NA;NA;NA;NA;NA;NA;NA;NA;NA;NA;NA;NA;NA;NA;NA;NA;NA;NA;NA;NA;NA;NA;NA;NA;NA
2015-03-30 09:09:00;2015-03-30 11:29:00;140;0;-Inf;0;NA;NA;NA;NA;NA;NA;NA;NA;NA;NA;NA;NA;NA;NA;NA;NA;NA;NA;NA;NA;NA;NA;NA;NA;NA;NA;NA;NA;NA;NA;NA;NA;NA;NA;NA;NA;NA;NA;NA;NA;NA;NA
2015-03-30 14:29:00;2015-03-30 16:11:00;102;0;-Inf;0;NA;NA;NA;NA;NA;NA;NA;NA;NA;NA;NA;NA;NA;NA;NA;NA;NA;NA;NA;NA;NA;NA;NA;NA;NA;NA;NA;NA;NA;NA;NA;NA;NA;NA;NA;NA;NA;NA;NA;NA;NA;NA
2015-03-31 05:06:00;2015-03-31 16:31:00;685;0;-Inf;0;NA;NA;NA;NA;NA;NA;NA;NA;NA;NA;NA;NA;NA;NA;NA;NA;NA;NA;NA;NA;NA;NA;NA;NA;NA;NA;NA;NA;NA;NA;NA;NA;NA;NA;NA;NA;NA;NA;NA;NA;NA;NA
2015-04-01 15:31:00;2015-04-01 18:51:00;200;0;0;0;NA;NA;NA;NA;NA;NA;NA;NA;NA;NA;NA;NA;NA;NA;NA;NA;NA;NA;NA;NA;NA;NA;NA;NA;NA;NA;NA;NA;NA;NA;NA;NA;NA;NA;NA;NA;NA;NA;NA;NA;NA;NA
2015-04-02 10:44:00;2015-04-02 15:45:00;301;0;0;0;NA;NA;NA;NA;NA;NA;NA;NA;NA;NA;NA;NA;NA;NA;NA;NA;NA;NA;NA;NA;NA;NA;NA;NA;NA;NA;NA;NA;NA;NA;NA;NA;NA;NA;NA;NA;NA;NA;NA;NA;NA;NA
2015-04-06 13:36:00;2015-04-06 17:33:00;237;0;0;0;NA;NA;NA;NA;NA;NA;NA;NA;NA;NA;NA;NA;NA;NA;NA;NA;NA;NA;NA;NA;NA;NA;NA;NA;NA;NA;NA;NA;NA;NA;NA;NA;NA;NA;NA;NA;NA;NA;NA;NA;NA;NA
2015-04-25 23:13:00;2015-04-26 03:31:00;258;0.7;2;0.6;2015-04-25 23:13:00;2015-04-26 02:47:00;214;0.9;5.8;1.2;2015-04-25 23:22:00;2015-04-26 03:02:00;220;0.9;5.9;1.2;2015-04-25 23:22:00;2015-04-26 02:48:00;206;0.8;5.9;1.2;2015-04-25 23:21:00;2015-04-26 01:31:00;130;0.7;6.1;1.2;NA;NA;NA;NA;NA;NA;2015-04-25 23:23:00;2015-04-26 01:21:00;118;0.7;5.9;1.2;NA;NA;NA;NA;NA;NA
2015-04-27 18:53:00;2015-04-28 00:51:00;358;7.4;25.7;15.3;2015-04-27 19:43:00;2015-04-27 22:26:00;163;10.7;55.4;16.1;2015-04-27 19:37:00;2015-04-27 22:05:00;148;9.6;42.8;22.8;2015-04-27 19:36:00;2015-04-27 22:12:00;156;8.1;42.8;22.5;2015-04-27 18:53:00;2015-04-27 22:23:00;210;8;31.1;14.2;NA;NA;NA;NA;NA;NA;2015-04-27 19:36:00;2015-04-27 23:18:00;222;8.1;44.6;22.6;NA;NA;NA;NA;NA;NA
2015-04-28 03:19:00;2015-04-28 06:21:00;182;0.3;1;0.8;2015-04-28 04:45:00;2015-04-28 04:48:00;3;0.1;5.8;0.6;2015-04-28 04:36:00;2015-04-28 04:46:00;10;0.2;5.9;1.2;2015-04-28 04:22:00;2015-04-28 04:45:00;23;0.4;5.9;1.2;2015-04-28 04:23:00;2015-04-28 04:50:00;27;0.7;6.1;2.4;NA;NA;NA;NA;NA;NA;2015-04-28 04:19:00;2015-04-28 04:57:00;38;0.5;5.9;1.2;NA;NA;NA;NA;NA;NA
2015-04-28 07:37:00;2015-04-28 17:11:00;574;7.4;8.9;6.1;2015-04-28 09:44:00;2015-04-28 16:32:00;408;8;11.8;7.6;2015-04-28 09:35:00;2015-04-28 15:16:00;341;9.5;11.8;7.1;2015-04-28 09:38:00;2015-04-28 15:09:00;331;8.1;11.9;6.5;2015-04-28 09:31:00;2015-04-28 16:13:00;402;10.7;12.2;9.8;NA;NA;NA;NA;NA;NA;2015-04-28 09:48:00;2015-04-28 16:06:00;378;8.3;12;6.6;NA;NA;NA;NA;NA;NA
2015-05-01 05:51:00;2015-05-01 08:51:00;180;0.7;2.6;1.6;2015-05-01 05:54:00;2015-05-01 06:43:00;49;0.6;5.8;1.7;2015-05-01 05:51:00;2015-05-01 07:22:00;91;1;5.9;2.4;2015-05-01 05:58:00;2015-05-01 07:26:00;88;0.8;5.9;2.4;2015-05-01 05:56:00;2015-05-01 07:30:00;94;0.9;6.1;1.8;NA;NA;NA;NA;NA;NA;2015-05-01 05:51:00;2015-05-01 07:31:00;100;0.9;5.9;2.4;2015-05-01 06:06:00;2015-05-01 07:30:00;84;0.7;5.8;1.7
2015-05-03 21:00:00;2015-05-04 01:15:00;255;2;4.3;2;2015-05-03 21:00:00;2015-05-03 22:57:00;117;2.4;5.9;2.9;2015-05-03 21:04:00;2015-05-03 23:29:00;145;2.5;5.9;2.4;2015-05-03 21:07:00;2015-05-03 23:15:00;128;2.3;5.9;2.4;2015-05-03 21:05:00;2015-05-03 23:17:00;132;2.7;6.1;2.4;NA;NA;NA;NA;NA;NA;2015-05-03 21:08:00;2015-05-03 22:54:00;106;2.2;6;2.4;2015-05-03 21:08:00;2015-05-03 22:59:00;111;2.1;5.8;2.3
2015-05-05 17:10:00;2015-05-05 17:31:00;21;0.3;5.1;1.5;2015-05-05 17:10:00;2015-05-05 17:26:00;16;1.1;23.9;5.9;2015-05-05 17:17:00;2015-05-05 17:27:00;10;0.2;5.9;1.2;2015-05-05 17:19:00;2015-05-05 17:24:00;5;0.2;5.9;1.2;NA;NA;NA;NA;NA;NA;2015-05-05 17:17:00;2015-05-05 17:20:00;3;0.1;6.1;0.6;2015-05-05 17:18:00;2015-05-05 17:24:00;6;0.2;5.9;1.2;2015-05-05 17:19:00;2015-05-05 17:22:00;3;0.1;5.8;0.6
2015-05-05 23:18:00;2015-05-06 12:11:00;773;6.9;6;3.2;2015-05-05 23:19:00;2015-05-06 09:30:00;611;6.2;5.9;3.5;2015-05-05 23:18:00;2015-05-06 09:25:00;607;6.9;5.9;2.9;2015-05-05 23:19:00;2015-05-06 09:32:00;613;7.1;11.9;5.4;2015-05-05 23:21:00;2015-05-06 09:28:00;607;7.1;6.1;3.1;2015-05-05 23:18:00;2015-05-06 09:30:00;612;7.2;6.2;3.1;2015-05-05 23:23:00;2015-05-06 09:32:00;609;7.1;12.1;6;2015-05-05 23:23:00;2015-05-06 09:31:00;608;6.4;11.6;4.7
2015-05-09 06:24:00;2015-05-09 09:15:00;171;2.5;10.3;8.6;2015-05-09 06:27:00;2015-05-09 06:49:00;22;2.5;17.8;8.8;2015-05-09 06:27:00;2015-05-09 07:01:00;34;2.7;12.6;9.5;2015-05-09 06:28:00;2015-05-09 06:50:00;22;2.4;12;10.1;2015-05-09 06:27:00;2015-05-09 06:51:00;24;2;12.2;6.1;2015-05-09 06:25:00;2015-05-09 06:48:00;23;2.7;12.5;9.9;2015-05-09 06:28:00;2015-05-09 06:53:00;25;2.5;12.2;10.3;2015-05-09 06:27:00;2015-05-09 06:49:00;22;2.4;17.6;10.5
2015-05-09 15:03:00;2015-05-09 18:11:00;188;1.3;15.5;5.9;2015-05-09 15:05:00;2015-05-09 17:58:00;173;1.6;17.8;5.9;2015-05-09 15:11:00;2015-05-09 18:00:00;169;0.8;18.1;4.2;2015-05-09 15:03:00;2015-05-09 18:01:00;178;1.9;30.2;9;2015-05-09 15:11:00;2015-05-09 18:00:00;169;0.7;12.2;3.1;2015-05-09 15:07:00;2015-05-09 17:59:00;172;0.9;18.8;5;2015-05-09 15:10:00;2015-05-09 18:02:00;172;1.8;25;9.2;2015-05-09 15:05:00;2015-05-09 18:00:00;175;1.2;23.6;5.9
2015-05-09 22:26:00;2015-05-10 00:21:00;115;0.6;12.2;3.4;2015-05-09 22:26:00;2015-05-09 22:40:00;14;1.6;36.5;9;2015-05-09 22:37:00;2015-05-09 22:40:00;3;0.1;5.9;0.6;2015-05-09 22:34:00;2015-05-09 22:41:00;7;1;24.2;6;2015-05-09 23:44:00;2015-05-09 23:47:00;3;0.1;6.1;0.6;2015-05-09 22:37:00;2015-05-09 22:40:00;3;0.1;6.1;0.6;2015-05-09 22:34:00;2015-05-09 22:41:00;7;1;31.3;6.1;2015-05-09 22:34:00;2015-05-09 22:39:00;5;0.3;5.9;1.7
2015-05-12 22:11:00;2015-05-13 02:21:00;250;1.5;6.8;3.2;2015-05-12 22:12:00;2015-05-13 00:27:00;135;1.6;5.9;2.3;2015-05-12 22:12:00;2015-05-13 00:19:00;127;1.5;5.9;2.9;2015-05-12 22:11:00;2015-05-13 00:28:00;137;1.7;11.9;4.2;2015-05-12 22:12:00;2015-05-13 00:18:00;126;1.5;6.1;3.1;2015-05-12 22:13:00;2015-05-13 00:16:00;123;1.4;6.2;3.1;2015-05-12 22:11:00;2015-05-13 00:16:00;125;1.6;12.2;4.2;2015-05-12 22:13:00;2015-05-13 00:14:00;121;1.2;11.7;3.5
2015-05-20 01:31:00;2015-05-20 20:57:00;1166;6.7;3.4;1.3;2015-05-20 01:31:00;2015-05-20 18:32:00;1021;6.4;5.8;1.2;2015-05-20 01:33:00;2015-05-20 18:23:00;1010;6.9;5.9;1.2;2015-05-20 01:51:00;2015-05-20 18:26:00;995;6.5;5.9;1.8;2015-05-20 01:37:00;2015-05-20 18:32:00;1015;7.7;6.1;1.8;2015-05-20 01:32:00;2015-05-20 18:29:00;1017;7.1;6.1;1.2;2015-05-20 01:50:00;2015-05-20 18:28:00;998;6.5;5.9;1.8;2015-05-20 01:46:00;2015-05-20 19:05:00;1039;6;5.8;1.7
2015-05-29 16:08:00;2015-05-29 19:01:00;173;0.8;4.3;2.5;2015-05-29 16:08:00;2015-05-29 16:47:00;39;1;5.9;2.3;2015-05-29 16:15:00;2015-05-29 16:34:00;19;1;11.8;3.5;2015-05-29 16:15:00;2015-05-29 16:44:00;29;0.8;5.9;2.4;2015-05-29 16:14:00;2015-05-29 16:34:00;20;0.8;6.1;3.1;2015-05-29 16:13:00;2015-05-29 16:34:00;21;1;6.2;3.1;2015-05-29 16:15:00;2015-05-29 16:36:00;21;0.7;6;2.4;2015-05-29 16:16:00;2015-05-29 16:36:00;20;0.6;5.8;1.7
2015-05-29 22:08:00;2015-05-30 02:51:00;283;10.4;54.4;39.3;2015-05-29 22:13:00;2015-05-30 00:49:00;156;9;69.3;35.7;2015-05-29 22:08:00;2015-05-30 00:47:00;159;11.3;89.2;46.3;2015-05-29 22:12:00;2015-05-30 00:47:00;155;10.7;68.3;39.9;2015-05-29 22:10:00;2015-05-30 00:47:00;157;11.1;79.3;44.1;2015-05-29 22:11:00;2015-05-30 00:48:00;157;11.4;86.9;46.6;2015-05-29 22:12:00;2015-05-30 00:46:00;154;11;71.7;41.6;2015-05-29 22:12:00;2015-05-30 00:46:00;154;7.9;48.7;26.4
2015-06-07 23:01:00;2015-06-08 04:05:00;304;0.4;4.3;1.9;2015-06-08 00:42:00;2015-06-08 00:52:00;10;0.3;5.9;1.8;2015-06-08 00:38:00;2015-06-08 00:41:00;3;0.1;5.9;0.6;2015-06-08 00:33:00;2015-06-08 00:44:00;11;0.7;11.9;4.2;2015-06-08 00:31:00;2015-06-08 00:41:00;10;0.5;6.1;3.1;2015-06-08 00:37:00;2015-06-08 00:40:00;3;0.1;6.1;0.6;2015-06-08 00:34:00;2015-06-08 00:43:00;9;0.7;12.1;4.2;2015-06-08 00:39:00;2015-06-08 00:42:00;3;0.1;5.8;0.6
2015-06-08 19:56:00;2015-06-09 13:11:00;1035;29.2;34.5;21;2015-06-08 20:05:00;2015-06-09 09:41:00;816;21.6;30.2;13.7;2015-06-08 20:09:00;2015-06-09 09:38:00;809;29.9;36.5;27.1;2015-06-08 19:56:00;2015-06-09 09:44:00;828;32.2;61.9;25.4;2015-06-08 19:56:00;2015-06-09 09:17:00;801;33.8;37.8;26;2015-06-08 20:07:00;2015-06-09 09:48:00;821;31.1;38.3;28.4;2015-06-08 19:56:00;2015-06-09 09:20:00;804;32.6;58.1;26.3;2015-06-08 19:58:00;2015-06-09 08:03:00;725;23.1;36;18.3
2015-06-09 15:09:00;2015-06-09 15:51:00;42;0;0.9;0.1;NA;NA;NA;NA;NA;NA;NA;NA;NA;NA;NA;NA;NA;NA;NA;NA;NA;NA;2015-06-09 15:13:00;2015-06-09 15:16:00;3;0.1;6.1;0.6;NA;NA;NA;NA;NA;NA;NA;NA;NA;NA;NA;NA;NA;NA;NA;NA;NA;NA
2015-06-13 13:57:00;2015-06-13 20:11:00;374;3.8;14.8;7.2;2015-06-13 14:03:00;2015-06-13 18:31:00;268;3.2;17.8;7.1;2015-06-13 13:59:00;2015-06-13 19:45:00;346;3.8;23.9;6.5;2015-06-13 14:01:00;2015-06-13 18:30:00;269;3.8;30.4;9;2015-06-13 13:57:00;2015-06-13 19:52:00;355;5;24.7;9.9;2015-06-13 14:00:00;2015-06-13 19:46:00;346;3.9;25.1;6.9;2015-06-13 14:00:00;2015-06-13 18:29:00;269;3.7;25.4;9.2;2015-06-13 14:01:00;2015-06-13 18:27:00;266;3.1;17.7;6.4
2015-06-18 19:45:00;2015-06-19 00:01:00;256;0.9;4.2;1.5;2015-06-18 19:45:00;2015-06-18 22:17:00;152;1.9;17.9;5.3;2015-06-18 20:10:00;2015-06-18 22:36:00;146;0.7;5.9;1.2;2015-06-18 19:50:00;2015-06-18 22:34:00;164;0.9;5.9;1.8;2015-06-18 20:31:00;2015-06-18 22:36:00;125;0.7;6.1;1.2;2015-06-18 20:10:00;2015-06-18 22:36:00;146;0.7;6.1;1.8;2015-06-18 20:09:00;2015-06-18 22:17:00;128;0.8;6;1.8;2015-06-18 20:47:00;2015-06-18 22:22:00;95;0.6;5.8;1.7
2015-06-20 02:53:00;2015-06-20 07:11:00;258;1.1;3.4;1.5;2015-06-20 03:00:00;2015-06-20 05:14:00;134;1.2;5.8;1.7;2015-06-20 02:57:00;2015-06-20 05:17:00;140;1.2;5.9;1.8;2015-06-20 02:59:00;2015-06-20 05:33:00;154;1.1;5.9;1.2;2015-06-20 02:53:00;2015-06-20 05:11:00;138;1.3;6.1;1.8;2015-06-20 02:58:00;2015-06-20 05:16:00;138;1.2;6.1;1.8;2015-06-20 03:02:00;2015-06-20 05:31:00;149;1.1;5.9;1.8;2015-06-20 02:59:00;2015-06-20 05:19:00;140;1;5.8;1.2
2015-06-20 17:47:00;2015-06-20 21:11:00;204;0.7;5.1;2.2;2015-06-20 17:47:00;2015-06-20 19:07:00;80;0.9;5.9;2.9;2015-06-20 18:48:00;2015-06-20 19:19:00;31;0.8;5.9;2.4;2015-06-20 18:47:00;2015-06-20 19:09:00;22;0.7;5.9;2.4;2015-06-20 18:51:00;2015-06-20 19:23:00;32;0.8;6.1;3.1;2015-06-20 18:49:00;2015-06-20 19:10:00;21;0.7;6.2;3.1;2015-06-20 18:47:00;2015-06-20 19:09:00;22;0.7;5.9;2.4;2015-06-20 18:52:00;2015-06-20 19:08:00;16;0.4;5.8;1.7
2015-06-22 13:49:00;2015-06-22 18:03:00;254;1.6;4.3;2.6;2015-06-22 14:47:00;2015-06-22 16:33:00;106;1.7;5.9;2.9;2015-06-22 13:50:00;2015-06-22 16:55:00;185;1.7;5.9;2.9;2015-06-22 14:43:00;2015-06-22 16:04:00;81;1.6;5.9;3;2015-06-22 13:50:00;2015-06-22 16:34:00;164;1.8;12.2;3.1;2015-06-22 13:49:00;2015-06-22 16:16:00;147;1.6;6.2;3.1;2015-06-22 13:52:00;2015-06-22 15:57:00;125;1.6;6;3;2015-06-22 14:52:00;2015-06-22 15:44:00;52;1;5.8;1.7
2015-06-23 00:32:00;2015-06-23 05:51:00;319;4.1;5.1;3.6;2015-06-23 00:35:00;2015-06-23 03:33:00;178;3.8;5.9;2.9;2015-06-23 00:37:00;2015-06-23 03:41:00;184;4.1;5.9;3.5;2015-06-23 00:35:00;2015-06-23 03:33:00;178;4;5.9;3.6;2015-06-23 00:35:00;2015-06-23 05:04:00;269;4.4;6.1;4.3;2015-06-23 00:32:00;2015-06-23 03:30:00;178;4.3;6.2;3.7;2015-06-23 00:35:00;2015-06-23 04:42:00;247;4.3;6;3.6;2015-06-23 00:32:00;2015-06-23 03:31:00;179;4;5.8;3.5
2015-06-23 10:30:00;2015-06-23 14:11:00;221;1.3;9.4;3.6;2015-06-23 10:32:00;2015-06-23 12:33:00;121;1.2;5.9;2.9;2015-06-23 10:32:00;2015-06-23 12:08:00;96;1.5;11.8;4.7;2015-06-23 10:35:00;2015-06-23 12:11:00;96;1.1;11.9;4.2;2015-06-23 10:33:00;2015-06-23 13:10:00;157;1.6;12.2;4.9;2015-06-23 10:30:00;2015-06-23 12:37:00;127;1.5;12.4;4.3;2015-06-23 10:35:00;2015-06-23 12:12:00;97;1.1;12.2;4.2;2015-06-23 10:33:00;2015-06-23 13:13:00;160;1;5.8;2.9
2015-06-23 15:50:00;2015-06-23 18:39:00;169;1.6;14.7;7.2;2015-06-23 15:52:00;2015-06-23 16:11:00;19;2.7;23.9;10.7;2015-06-23 15:52:00;2015-06-23 16:09:00;17;1.5;17.8;7.7;2015-06-23 15:55:00;2015-06-23 18:35:00;160;1.8;18.1;8.3;2015-06-23 15:55:00;2015-06-23 16:10:00;15;1;12.2;5.5;2015-06-23 15:53:00;2015-06-23 16:10:00;17;1.4;18.7;8.1;2015-06-23 15:56:00;2015-06-23 18:39:00;163;1.7;12.3;7.8;2015-06-23 15:55:00;2015-06-23 16:11:00;16;1.2;11.6;5.8
2015-06-27 16:12:00;2015-06-27 18:41:00;149;1.2;6;4.4;2015-06-27 16:23:00;2015-06-27 16:40:00;17;0.9;5.9;4.7;2015-06-27 16:13:00;2015-06-27 17:16:00;63;1.2;5.9;4.1;2015-06-27 16:13:00;2015-06-27 16:39:00;26;1.3;5.9;4.8;2015-06-27 16:14:00;2015-06-27 16:41:00;27;1.3;6.1;4.9;2015-06-27 16:12:00;2015-06-27 17:17:00;65;1.2;6.2;4.3;2015-06-27 16:13:00;2015-06-27 16:38:00;25;1.3;11.9;4.8;2015-06-27 16:13:00;2015-06-27 16:38:00;25;1.4;5.8;5.2
2015-07-05 14:40:00;2015-07-05 15:11:00;31;0.1;1.7;0.5;2015-07-05 14:40:00;2015-07-05 14:45:00;5;0.2;5.9;1.2;2015-07-05 14:48:00;2015-07-05 14:51:00;3;0.1;5.9;0.6;2015-07-05 14:44:00;2015-07-05 15:03:00;19;0.2;5.9;0.6;NA;NA;NA;NA;NA;NA;2015-07-05 14:48:00;2015-07-05 14:51:00;3;0.1;6.1;0.6;2015-07-05 14:44:00;2015-07-05 14:54:00;10;0.2;5.9;1.2;NA;NA;NA;NA;NA;NA
2015-07-08 00:52:00;2015-07-08 03:45:00;173;6.8;35.3;17.9;2015-07-08 00:53:00;2015-07-08 03:01:00;128;8.7;43.1;23.4;2015-07-08 00:52:00;2015-07-08 01:56:00;64;7;42.8;18;2015-07-08 00:53:00;2015-07-08 01:57:00;64;6.5;55.9;21.3;2015-07-08 00:54:00;2015-07-08 01:58:00;64;6.4;37.7;13.6;2015-07-08 00:52:00;2015-07-08 01:57:00;65;7;38.5;17;2015-07-08 00:53:00;2015-07-08 02:08:00;75;6.6;58.2;20.7;2015-07-08 00:53:00;2015-07-08 01:55:00;62;5.5;42.4;14.2
2015-07-14 19:37:00;2015-07-14 21:36:00;119;0.2;2.6;0.7;2015-07-14 20:35:00;2015-07-14 20:38:00;3;0.1;5.8;0.6;2015-07-14 20:19:00;2015-07-14 21:14:00;55;0.3;5.9;1.2;2015-07-14 20:25:00;2015-07-14 21:36:00;71;0.2;5.9;0.6;2015-07-14 20:17:00;2015-07-14 21:19:00;62;0.3;6.1;1.2;2015-07-14 20:20:00;2015-07-14 20:26:00;6;0.2;6.1;1.2;2015-07-14 20:27:00;2015-07-14 20:30:00;3;0.1;5.9;0.6;2015-07-14 20:24:00;2015-07-14 20:27:00;3;0.1;5.8;0.6
2015-07-25 04:40:00;2015-07-25 09:01:00;261;3;5.1;3.6;2015-07-25 04:46:00;2015-07-25 07:00:00;134;4.1;17.9;5.9;2015-07-25 04:41:00;2015-07-25 07:05:00;144;3;5.9;3.5;2015-07-25 04:49:00;2015-07-25 07:00:00;131;2.5;5.9;3.6;2015-07-25 05:47:00;2015-07-25 07:08:00;81;2.9;6.1;4.3;2015-07-25 04:40:00;2015-07-25 07:08:00;148;3.3;12.4;3.7;2015-07-25 04:47:00;2015-07-25 07:00:00;133;2.6;11.9;3.6;2015-07-25 05:48:00;2015-07-25 06:55:00;67;2.3;5.8;3.5
2015-07-25 14:09:00;2015-07-25 16:41:00;152;1.6;9.8;6;2015-07-25 14:11:00;2015-07-25 14:41:00;30;2.2;44.1;10.3;2015-07-25 14:11:00;2015-07-25 14:40:00;29;1.6;17.9;5.9;2015-07-25 14:13:00;2015-07-25 14:45:00;32;1.3;11.9;4.8;2015-07-25 14:11:00;2015-07-25 14:42:00;31;2.1;18.5;8.6;2015-07-25 14:11:00;2015-07-25 14:42:00;31;1.5;18.7;5.6;2015-07-25 14:13:00;2015-07-25 14:44:00;31;1.2;12.2;4.2;2015-07-25 14:12:00;2015-07-25 14:43:00;31;1.1;5.9;3.5
2015-07-27 14:03:00;2015-07-27 18:01:00;238;5.6;43.7;28.2;2015-07-27 14:03:00;2015-07-27 16:10:00;127;6;63.4;30.6;2015-07-27 15:03:00;2015-07-27 16:13:00;70;5.9;55.9;29.8;2015-07-27 14:30:00;2015-07-27 16:11:00;101;5.6;64;29;2015-07-27 15:44:00;2015-07-27 16:12:00;28;6;58;31.5;2015-07-27 15:43:00;2015-07-27 16:13:00;30;5.9;52;30;2015-07-27 15:45:00;2015-07-27 16:10:00;25;5.5;73.2;29.8;2015-07-27 15:44:00;2015-07-27 16:17:00;33;4.1;36.2;21.4
2015-07-29 17:17:00;2015-07-29 20:23:00;186;3.2;16.4;8.2;2015-07-29 17:17:00;2015-07-29 18:41:00;84;3.8;23.9;11.3;2015-07-29 17:19:00;2015-07-29 18:49:00;90;3.1;17.8;7.7;2015-07-29 17:19:00;2015-07-29 18:41:00;82;3.1;17.9;7.2;2015-07-29 17:20:00;2015-07-29 18:38:00;78;3.4;24.6;10.4;2015-07-29 17:20:00;2015-07-29 18:40:00;80;3.2;18.7;8.1;2015-07-29 17:19:00;2015-07-29 18:39:00;80;3.1;18.4;7.3;2015-07-29 17:20:00;2015-07-29 18:39:00;79;2.6;17.6;7
2015-08-16 04:39:00;2015-08-16 07:40:00;181;1.3;4.2;2.3;2015-08-16 05:10:00;2015-08-16 05:13:00;3;0.1;5.8;0.6;2015-08-16 04:43:00;2015-08-16 07:40:00;177;1.6;11.8;3.5;2015-08-16 04:39:00;2015-08-16 06:05:00;86;1.5;5.9;3;2015-08-16 04:41:00;2015-08-16 05:21:00;40;1.6;6.1;3.1;2015-08-16 04:40:00;2015-08-16 06:22:00;102;1.6;6.2;3.1;2015-08-16 04:40:00;2015-08-16 06:29:00;109;1.4;6;3;2015-08-16 04:40:00;2015-08-16 07:15:00;155;1.3;5.8;2.9
2015-08-16 14:59:00;2015-08-16 20:03:00;304;7.7;14.9;8.2;2015-08-16 18:07:00;2015-08-16 19:35:00;88;0.4;13;1.3;2015-08-16 14:59:00;2015-08-16 17:43:00;164;11.1;30.2;14.3;2015-08-16 15:15:00;2015-08-16 17:52:00;157;6.7;11.9;5.3;2015-08-16 15:00:00;2015-08-16 17:42:00;162;9.8;24.5;11.6;2015-08-16 14:59:00;2015-08-16 17:46:00;167;11.7;31.7;15;2015-08-16 15:15:00;2015-08-16 17:42:00;147;6.7;6;5.4;2015-08-16 15:01:00;2015-08-16 17:46:00;165;7.3;11.7;6.4
2015-08-17 06:22:00;2015-08-19 14:29:00;3367;49.9;22.8;13.5;2015-08-17 06:22:00;2015-08-19 14:29:00;3367;54.1;23.8;19.6;2015-08-17 06:38:00;2015-08-19 10:08:00;3090;47.2;36.6;14.4;2015-08-17 06:37:00;2015-08-19 09:55:00;3078;49.1;30.2;16.8;2015-08-17 06:36:00;2015-08-19 10:06:00;3090;52;24.7;14.7;2015-08-17 06:29:00;2015-08-19 10:01:00;3092;50.9;44.6;15.7;2015-08-17 06:36:00;2015-08-19 09:55:00;3079;52.7;31.5;18.5;2015-08-17 06:39:00;2015-08-19 10:02:00;3083;43.2;29.8;15.9
2015-09-02 00:03:00;2015-09-02 04:11:00;248;3.3;5.1;4;2015-09-02 00:08:00;2015-09-02 02:23:00;135;4;5.9;5.3;2015-09-02 00:08:00;2015-09-02 02:20:00;132;3.6;5.9;4.7;2015-09-02 00:06:00;2015-09-02 02:23:00;137;4;5.9;4.8;2015-09-02 00:04:00;2015-09-02 02:33:00;149;4.5;6.1;5.5;2015-09-02 00:08:00;2015-09-02 02:24:00;136;3.8;6.2;4.9;NA;NA;NA;NA;NA;NA;2015-09-02 00:09:00;2015-09-02 02:15:00;126;3;5.8;4.1
2015-09-07 12:49:00;2015-09-07 15:55:00;186;1.6;14.7;6.8;2015-09-07 13:29:00;2015-09-07 13:56:00;27;2.6;36.2;10.7;2015-09-07 13:31:00;2015-09-07 13:55:00;24;1.3;17.9;6.5;2015-09-07 13:33:00;2015-09-07 13:57:00;24;1.7;24.1;7.2;2015-09-07 13:36:00;2015-09-07 13:56:00;20;1.1;18.4;6.1;2015-09-07 13:32:00;2015-09-07 13:56:00;24;1.3;18.8;7.5;2015-09-07 13:30:00;2015-09-07 13:57:00;27;1.8;24.8;7.3;2015-09-07 13:31:00;2015-09-07 13:58:00;27;1.2;11.7;4.7
2015-09-09 14:48:00;2015-09-09 17:05:00;137;2.5;22.9;13;2015-09-09 14:55:00;2015-09-09 15:01:00;6;0.7;13;4.2;2015-09-09 14:53:00;2015-09-09 15:14:00;21;2.9;36.5;16.2;2015-09-09 14:49:00;2015-09-09 15:03:00;14;3.1;36.5;18.1;2015-09-09 14:53:00;2015-09-09 15:25:00;32;2;18.4;8.6;2015-09-09 14:53:00;2015-09-09 15:11:00;18;2.9;38.3;16.3;2015-09-09 14:48:00;2015-09-09 15:04:00;16;3.3;38.1;18.6;2015-09-09 14:51:00;2015-09-09 15:11:00;20;2.7;23.8;15.3
2015-09-15 16:19:00;2015-09-16 01:21:00;542;0.1;1.7;0.4;NA;NA;NA;NA;NA;NA;2015-09-15 22:25:00;2015-09-15 22:28:00;3;0.1;5.9;0.6;2015-09-15 22:22:00;2015-09-15 22:25:00;3;0.1;5.9;0.6;2015-09-15 22:29:00;2015-09-15 22:32:00;3;0.1;6.1;0.6;2015-09-15 22:28:00;2015-09-15 22:31:00;3;0.1;6.1;0.6;2015-09-15 22:29:00;2015-09-15 22:32:00;3;0.1;5.9;0.6;NA;NA;NA;NA;NA;NA
2015-09-17 20:52:00;2015-09-17 21:31:00;39;0.1;0.9;0.3;NA;NA;NA;NA;NA;NA;2015-09-17 20:57:00;2015-09-17 21:00:00;3;0.1;5.9;0.6;2015-09-17 21:03:00;2015-09-17 21:06:00;3;0.1;5.9;0.6;2015-09-17 20:56:00;2015-09-17 20:59:00;3;0.1;6.1;0.6;2015-09-17 20:52:00;2015-09-17 20:55:00;3;0.1;6.1;0.6;2015-09-17 21:14:00;2015-09-17 21:17:00;3;0.1;5.9;0.6;2015-09-17 21:01:00;2015-09-17 21:04:00;3;0.1;5.8;0.6
2015-09-23 08:25:00;2015-09-23 12:51:00;266;0.7;1.7;0.9;2015-09-23 08:26:00;2015-09-23 11:46:00;200;1.2;5.8;1.7;2015-09-23 08:34:00;2015-09-23 10:59:00;145;0.8;5.9;1.2;2015-09-23 08:25:00;2015-09-23 10:50:00;145;0.8;5.9;1.2;2015-09-23 08:35:00;2015-09-23 11:15:00;160;0.8;6.1;1.2;2015-09-23 08:34:00;2015-09-23 11:08:00;154;0.8;6.1;1.2;NA;NA;NA;NA;NA;NA;2015-09-23 08:35:00;2015-09-23 11:00:00;145;0.7;5.8;1.2
2015-10-07 01:10:00;2015-10-07 08:21:00;431;7.8;10.1;7.8;2015-10-07 01:44:00;2015-10-07 06:59:00;315;9.5;17.7;10;2015-10-07 01:10:00;2015-10-07 06:44:00;334;6.9;11.8;7.7;2015-10-07 01:21:00;2015-10-07 06:44:00;323;6.9;18;8.3;2015-10-07 01:13:00;2015-10-07 06:25:00;312;8.3;12.2;11.6;2015-10-07 01:10:00;2015-10-07 07:27:00;377;7.5;12.4;9.3;NA;NA;NA;NA;NA;NA;2015-10-07 01:23:00;2015-10-07 06:28:00;305;7.8;19.1;12.5
2015-10-07 10:40:00;2015-10-07 16:31:00;351;5;9;6.9;2015-10-07 10:47:00;2015-10-07 14:43:00;236;4.7;5.9;4.7;2015-10-07 10:45:00;2015-10-07 14:25:00;220;5.6;11.9;10;2015-10-07 10:55:00;2015-10-07 14:32:00;217;3.4;5.9;3.6;2015-10-07 10:40:00;2015-10-07 14:31:00;231;6.1;18.4;12.9;2015-10-07 10:55:00;2015-10-07 15:34:00;279;6.2;18.7;11.2;NA;NA;NA;NA;NA;NA;2015-10-07 10:49:00;2015-10-07 14:26:00;217;4.1;5.8;4.1
2015-10-07 17:29:00;2015-10-08 16:33:00;1384;10.5;4;2.3;2015-10-07 17:47:00;2015-10-08 14:04:00;1217;12.1;11.8;4.7;2015-10-07 17:29:00;2015-10-08 15:02:00;1293;10.3;5.9;2.9;2015-10-07 17:39:00;2015-10-08 14:05:00;1226;9.5;11.9;4.2;2015-10-07 17:40:00;2015-10-08 14:59:00;1279;11;6.1;3.1;2015-10-07 17:56:00;2015-10-08 15:03:00;1267;10.8;6.2;3.1;NA;NA;NA;NA;NA;NA;2015-10-07 17:45:00;2015-10-08 14:13:00;1228;9.3;12.4;2.4
2015-10-14 02:49:00;2015-10-14 17:01:00;852;8.4;5;4;2015-10-14 02:54:00;2015-10-14 15:48:00;774;12;11.8;5.9;2015-10-14 02:49:00;2015-10-14 14:52:00;723;10;5.9;5.3;2015-10-14 02:58:00;2015-10-14 15:04:00;726;9.2;5.9;4.2;NA;NA;NA;NA;NA;NA;2015-10-14 02:51:00;2015-10-14 15:53:00;782;10.7;6.2;5.6;NA;NA;NA;NA;NA;NA;2015-10-14 03:19:00;2015-10-14 15:41:00;742;8.7;5.8;4.7
2015-10-14 20:48:00;2015-10-15 13:21:00;993;6.7;4;2.6;2015-10-14 20:58:00;2015-10-15 09:50:00;772;9.3;5.9;3.5;2015-10-14 20:58:00;2015-10-15 11:25:00;867;8.3;5.9;3.5;2015-10-14 20:54:00;2015-10-15 10:23:00;809;7.2;5.9;3;NA;NA;NA;NA;NA;NA;2015-10-14 20:48:00;2015-10-15 09:42:00;774;9.2;6.2;3.1;NA;NA;NA;NA;NA;NA;2015-10-14 20:59:00;2015-10-15 09:54:00;775;6.3;5.8;2.9
2015-10-15 15:07:00;2015-10-15 21:48:00;401;0.6;2;0.6;2015-10-15 15:07:00;2015-10-15 21:39:00;392;0.9;5.8;0.6;2015-10-15 16:08:00;2015-10-15 21:26:00;318;0.6;5.9;0.6;2015-10-15 16:10:00;2015-10-15 21:32:00;322;0.6;5.9;0.6;NA;NA;NA;NA;NA;NA;2015-10-15 15:16:00;2015-10-15 21:48:00;392;0.8;6.1;1.2;NA;NA;NA;NA;NA;NA;2015-10-15 16:16:00;2015-10-15 21:35:00;319;0.6;5.8;0.6
2015-10-16 01:08:00;2015-10-16 06:51:00;343;1.1;2;1;2015-10-16 01:15:00;2015-10-16 04:38:00;203;1.5;5.8;1.2;2015-10-16 01:08:00;2015-10-16 05:18:00;250;1.5;5.9;1.8;2015-10-16 01:17:00;2015-10-16 04:19:00;182;1.2;5.9;1.2;NA;NA;NA;NA;NA;NA;2015-10-16 01:21:00;2015-10-16 04:39:00;198;1.5;6.2;1.8;NA;NA;NA;NA;NA;NA;2015-10-16 01:15:00;2015-10-16 04:14:00;179;1.2;5.8;1.2
2015-10-16 14:49:00;2015-10-17 06:21:00;932;9.6;6.1;4.6;2015-10-16 14:52:00;2015-10-17 03:44:00;772;12.6;11.8;6.5;2015-10-16 14:53:00;2015-10-17 03:29:00;756;10.6;5.9;4.7;2015-10-16 14:50:00;2015-10-17 03:43:00;773;11.4;11.9;5.9;NA;NA;NA;NA;NA;NA;2015-10-16 14:50:00;2015-10-17 03:28:00;758;11.7;12.4;5.6;NA;NA;NA;NA;NA;NA;2015-10-16 14:49:00;2015-10-17 03:43:00;774;11.5;12.5;6.5
2015-10-20 15:57:00;2015-10-20 19:11:00;194;0.5;2;0.7;2015-10-20 16:10:00;2015-10-20 18:01:00;111;0.7;5.8;1.2;2015-10-20 15:57:00;2015-10-20 18:00:00;123;0.7;5.9;1.2;2015-10-20 16:08:00;2015-10-20 17:59:00;111;0.5;5.9;1.2;NA;NA;NA;NA;NA;NA;2015-10-20 16:07:00;2015-10-20 18:03:00;116;0.7;6.1;1.2;NA;NA;NA;NA;NA;NA;2015-10-20 16:06:00;2015-10-20 18:04:00;118;0.6;5.8;1.2
2015-10-20 20:28:00;2015-10-20 22:41:00;133;0.4;2;1.3;2015-10-20 20:29:00;2015-10-20 20:47:00;18;0.5;5.8;1.7;2015-10-20 20:28:00;2015-10-20 20:47:00;19;0.4;5.9;1.8;2015-10-20 20:32:00;2015-10-20 20:50:00;18;0.5;5.9;1.8;NA;NA;NA;NA;NA;NA;2015-10-20 20:31:00;2015-10-20 20:51:00;20;0.4;6.1;1.8;NA;NA;NA;NA;NA;NA;2015-10-20 20:34:00;2015-10-20 20:53:00;19;0.4;5.8;1.7
2015-11-07 04:11:00;2015-11-07 09:21:00;310;1.6;4.3;3;2015-11-07 05:09:00;2015-11-07 07:42:00;153;1.8;11.8;4.1;2015-11-07 05:12:00;2015-11-07 07:06:00;114;1.8;5.9;3.5;2015-11-07 05:12:00;2015-11-07 07:41:00;149;1.4;5.9;2.4;2015-11-07 05:13:00;2015-11-07 07:37:00;144;1.6;6.1;3.1;2015-11-07 05:09:00;2015-11-07 07:47:00;158;2;6.2;3.7;2015-11-07 05:10:00;2015-11-07 07:41:00;151;1.5;6;2.4;2015-11-07 05:12:00;2015-11-07 07:39:00;147;1.2;5.8;2.3
2015-11-11 10:09:00;2015-11-11 11:13:00;64;0;0.8;0.1;NA;NA;NA;NA;NA;NA;NA;NA;NA;NA;NA;NA;NA;NA;NA;NA;NA;NA;NA;NA;NA;NA;NA;NA;NA;NA;NA;NA;NA;NA;NA;NA;NA;NA;NA;NA;2015-11-11 10:45:00;2015-11-11 10:47:00;2;0.1;5.8;0.6
2015-11-14 00:45:00;2015-11-14 03:41:00;176;1.1;6;3.4;2015-11-14 01:09:00;2015-11-14 01:36:00;27;1.1;5.9;3.5;2015-11-14 00:45:00;2015-11-14 01:28:00;43;1;5.9;3.5;2015-11-14 00:46:00;2015-11-14 01:31:00;45;1.2;5.9;4.2;2015-11-14 00:47:00;2015-11-14 01:40:00;53;1.2;6.1;4.3;2015-11-14 00:45:00;2015-11-14 01:29:00;44;1;6.2;3.7;2015-11-14 00:46:00;2015-11-14 01:31:00;45;1.1;6;3.6;2015-11-14 00:45:00;2015-11-14 01:29:00;44;0.9;5.8;2.9
2015-11-14 19:56:00;2015-11-15 00:27:00;271;1.1;4.2;1.9;2015-11-14 21:00:00;2015-11-14 22:24:00;84;1.1;5.8;1.7;2015-11-14 20:56:00;2015-11-14 22:14:00;78;1.2;5.9;2.4;2015-11-14 20:58:00;2015-11-14 23:07:00;129;1.1;5.9;1.8;2015-11-14 20:57:00;2015-11-14 22:12:00;75;1.3;6.1;2.4;2015-11-14 20:53:00;2015-11-14 22:12:00;79;1.2;6.1;2.4;2015-11-14 20:59:00;2015-11-14 22:25:00;86;1.1;5.9;1.8;2015-11-14 20:58:00;2015-11-14 22:14:00;76;0.9;5.8;1.2
2015-11-15 04:03:00;2015-11-15 16:01:00;718;2.7;3.4;2;2015-11-15 04:11:00;2015-11-15 14:22:00;611;2.9;5.8;1.7;2015-11-15 04:14:00;2015-11-15 13:39:00;565;3.1;5.9;2.4;2015-11-15 04:03:00;2015-11-15 13:43:00;580;2.9;5.9;2.4;2015-11-15 04:13:00;2015-11-15 14:23:00;610;2.5;6.1;1.8;2015-11-15 04:12:00;2015-11-15 13:38:00;566;3.4;6.1;2.4;2015-11-15 04:13:00;2015-11-15 13:39:00;566;2.8;5.9;2.4;2015-11-15 04:10:00;2015-11-15 13:21:00;551;1.4;5.8;1.7
2015-11-17 05:58:00;2015-11-17 13:01:00;423;1.6;3.4;2.5;2015-11-17 06:03:00;2015-11-17 11:09:00;306;1.5;5.8;1.7;2015-11-17 05:58:00;2015-11-17 12:57:00;419;1.9;5.9;2.9;2015-11-17 06:01:00;2015-11-17 12:47:00;406;1.7;5.9;3;2015-11-17 06:00:00;2015-11-17 12:46:00;406;1.5;6.1;2.4;2015-11-17 05:59:00;2015-11-17 12:45:00;406;1.8;6.2;3.1;2015-11-17 06:00:00;2015-11-17 12:42:00;402;1.7;6;3;2015-11-17 06:00:00;2015-11-17 12:41:00;401;1.2;5.8;2.3
2015-11-19 16:38:00;2015-11-20 06:41:00;843;15.1;23;18.6;2015-11-19 16:38:00;2015-11-20 03:28:00;650;15.6;24;19.1;2015-11-19 16:41:00;2015-11-20 03:55:00;674;14.9;30;20.3;2015-11-19 16:38:00;2015-11-20 03:17:00;639;14.5;30.3;18.1;2015-11-19 16:42:00;2015-11-20 03:21:00;639;15.7;37.2;21.5;2015-11-19 16:41:00;2015-11-20 03:15:00;634;15.9;31.6;21.9;2015-11-19 16:38:00;2015-11-20 03:14:00;636;15.6;31.3;21;2015-11-19 16:38:00;2015-11-20 03:14:00;636;13.4;32.5;17.1
2015-11-20 10:18:00;2015-11-20 12:28:00;130;0.4;2.6;1;2015-11-20 11:15:00;2015-11-20 12:28:00;73;0.4;5.8;1.2;2015-11-20 11:19:00;2015-11-20 12:14:00;55;0.4;5.9;1.2;2015-11-20 11:16:00;2015-11-20 12:09:00;53;0.4;5.9;1.2;2015-11-20 11:18:00;2015-11-20 12:21:00;63;0.4;6.1;1.2;2015-11-20 10:48:00;2015-11-20 12:17:00;89;0.5;6.1;1.2;2015-11-20 11:08:00;2015-11-20 12:02:00;54;0.4;5.9;1.2;2015-11-20 11:16:00;2015-11-20 12:02:00;46;0.3;5.8;1.2
2015-11-20 12:33:00;2015-11-21 02:01:00;808;4.3;5.1;1.7;2015-11-20 14:01:00;2015-11-20 23:04:00;543;4.1;5.8;1.7;2015-11-20 13:55:00;2015-11-20 23:14:00;559;4.8;5.9;1.8;2015-11-20 13:46:00;2015-11-20 22:59:00;553;4;5.9;1.8;2015-11-20 14:12:00;2015-11-21 01:54:00;702;4.5;6.1;2.4;2015-11-20 13:46:00;2015-11-20 23:42:00;596;5.1;6.1;1.8;2015-11-20 13:30:00;2015-11-21 00:07:00;637;4.3;5.9;2.4;2015-11-20 14:32:00;2015-11-21 00:11:00;579;3.3;5.8;1.7
2015-11-28 10:29:00;2015-11-28 16:01:00;332;0.1;0.9;0.3;2015-11-28 14:48:00;2015-11-28 14:51:00;3;0.1;5.8;0.6;2015-11-28 14:45:00;2015-11-28 14:48:00;3;0.1;5.9;0.6;2015-11-28 15:44:00;2015-11-28 15:47:00;3;0.1;5.9;0.6;2015-11-28 15:10:00;2015-11-28 15:13:00;3;0.1;6.1;0.6;2015-11-28 14:50:00;2015-11-28 14:53:00;3;0.1;6.1;0.6;2015-11-28 15:09:00;2015-11-28 15:12:00;3;0.1;5.9;0.6;NA;NA;NA;NA;NA;NA
2015-11-29 10:37:00;2015-11-29 16:21:00;344;0.1;0.9;0.3;2015-11-29 13:18:00;2015-11-29 15:14:00;116;0.2;5.8;0.6;NA;NA;NA;NA;NA;NA;2015-11-29 14:59:00;2015-11-29 15:37:00;38;0.3;5.9;0.6;NA;NA;NA;NA;NA;NA;2015-11-29 12:42:00;2015-11-29 12:45:00;3;0.1;6.1;0.6;2015-11-29 15:01:00;2015-11-29 15:19:00;18;0.2;5.9;0.6;2015-11-29 15:24:00;2015-11-29 15:26:00;2;0.1;5.8;0.6
2015-11-30 03:09:00;2015-12-01 12:14:00;1985;14.1;23.8;14;2015-11-30 04:12:00;2015-12-01 06:50:00;1598;13.5;29.9;13.7;2015-11-30 04:16:00;2015-12-01 06:25:00;1569;14.3;30.1;15.5;2015-11-30 04:13:00;2015-12-01 06:26:00;1573;13.9;36.4;15;2015-11-30 03:28:00;2015-12-01 06:27:00;1619;17.1;37.5;19.8;2015-11-30 04:16:00;2015-12-01 06:24:00;1568;14.8;31.7;16.3;2015-11-30 04:14:00;2015-12-01 11:44:00;1890;14.1;25.1;14.8;2015-11-30 04:15:00;2015-12-01 06:22:00;1567;10.9;25.8;10.6
2015-12-02 08:19:00;2015-12-03 02:11:00;1072;0;0.9;0.1;NA;NA;NA;NA;NA;NA;2015-12-02 14:28:00;2015-12-02 14:31:00;3;0.1;5.9;0.6;NA;NA;NA;NA;NA;NA;2015-12-02 15:11:00;2015-12-02 15:14:00;3;0.1;6.1;0.6;NA;NA;NA;NA;NA;NA;NA;NA;NA;NA;NA;NA;NA;NA;NA;NA;NA;NA
2015-12-04 14:03:00;2015-12-04 21:01:00;418;0.8;2.6;0.9;2015-12-04 14:56:00;2015-12-04 17:05:00;129;1.2;5.8;1.2;2015-12-04 15:38:00;2015-12-04 16:44:00;66;0.8;5.9;1.2;2015-12-04 15:39:00;2015-12-04 16:53:00;74;0.8;5.9;1.2;2015-12-04 15:43:00;2015-12-04 16:46:00;63;0.6;6.1;1.2;2015-12-04 15:35:00;2015-12-04 17:10:00;95;0.9;6.1;1.2;2015-12-04 15:40:00;2015-12-04 16:59:00;79;0.8;5.9;1.2;2015-12-04 15:41:00;2015-12-04 16:46:00;65;0.6;5.8;1.2
2015-12-06 10:09:00;2015-12-06 21:31:00;682;0;0.8;0.1;NA;NA;NA;NA;NA;NA;NA;NA;NA;NA;NA;NA;NA;NA;NA;NA;NA;NA;NA;NA;NA;NA;NA;NA;NA;NA;NA;NA;NA;NA;2015-12-06 11:39:00;2015-12-06 11:42:00;3;0.1;5.9;0.6;NA;NA;NA;NA;NA;NA
2015-12-07 18:19:00;2015-12-08 02:16:00;477;0.1;0.9;0.2;2015-12-08 02:13:00;2015-12-08 02:16:00;3;0.1;5.8;0.6;2015-12-08 01:31:00;2015-12-08 01:34:00;3;0.1;5.9;0.6;2015-12-08 01:45:00;2015-12-08 01:48:00;3;0.1;5.9;0.6;2015-12-08 02:03:00;2015-12-08 02:06:00;3;0.1;6.1;0.6;2015-12-08 00:26:00;2015-12-08 00:29:00;3;0.1;6.1;0.6;2015-12-08 01:12:00;2015-12-08 01:15:00;3;0.1;5.9;0.6;2015-12-08 00:22:00;2015-12-08 00:24:00;2;0.1;5.8;0.6
2015-12-08 04:30:00;2015-12-08 07:54:00;204;0.1;0.9;0.1;2015-12-08 07:51:00;2015-12-08 07:54:00;3;0.1;5.8;0.6;2015-12-08 05:14:00;2015-12-08 05:17:00;3;0.1;5.9;0.6;2015-12-08 06:48:00;2015-12-08 06:51:00;3;0.1;5.9;0.6;2015-12-08 05:44:00;2015-12-08 05:47:00;3;0.1;6.1;0.6;2015-12-08 04:30:00;2015-12-08 04:33:00;3;0.1;6.1;0.6;2015-12-08 06:16:00;2015-12-08 06:19:00;3;0.1;5.9;0.6;2015-12-08 07:19:00;2015-12-08 07:21:00;2;0.1;5.8;0.6
2015-12-08 08:49:00;2015-12-08 09:21:00;32;0;0.9;0.1;NA;NA;NA;NA;NA;NA;NA;NA;NA;NA;NA;NA;NA;NA;NA;NA;NA;NA;NA;NA;NA;NA;NA;NA;2015-12-08 09:17:00;2015-12-08 09:20:00;3;0.1;6.1;0.6;NA;NA;NA;NA;NA;NA;NA;NA;NA;NA;NA;NA
2015-12-08 22:29:00;2015-12-08 22:51:00;22;0;0.8;0.1;NA;NA;NA;NA;NA;NA;NA;NA;NA;NA;NA;NA;NA;NA;NA;NA;NA;NA;NA;NA;NA;NA;NA;NA;NA;NA;NA;NA;NA;NA;2015-12-08 22:32:00;2015-12-08 22:35:00;3;0.1;5.9;0.6;NA;NA;NA;NA;NA;NA
2015-12-09 12:01:00;2015-12-09 12:33:00;32;0.1;0.9;0.3;2015-12-09 12:01:00;2015-12-09 12:09:00;8;0.2;5.8;1.2;NA;NA;NA;NA;NA;NA;2015-12-09 12:02:00;2015-12-09 12:33:00;31;0.2;5.9;0.6;2015-12-09 12:26:00;2015-12-09 12:29:00;3;0.1;6.1;0.6;NA;NA;NA;NA;NA;NA;2015-12-09 12:17:00;2015-12-09 12:20:00;3;0.1;5.9;0.6;NA;NA;NA;NA;NA;NA
2015-12-09 14:29:00;2015-12-09 21:01:00;392;2.1;3.4;1.8;2015-12-09 15:02:00;2015-12-09 16:57:00;115;2;5.8;1.7;2015-12-09 14:57:00;2015-12-09 17:00:00;123;2.2;5.9;2.4;2015-12-09 15:08:00;2015-12-09 16:56:00;108;1.9;5.9;1.8;2015-12-09 15:00:00;2015-12-09 16:59:00;119;2.2;6.1;2.4;2015-12-09 14:55:00;2015-12-09 17:06:00;131;2.3;6.1;2.4;2015-12-09 15:05:00;2015-12-09 16:55:00;110;2.1;5.9;1.8;2015-12-09 14:49:00;2015-12-09 17:00:00;131;2;5.8;1.7
2015-12-11 16:37:00;2015-12-11 17:08:00;31;0;0.8;0.1;NA;NA;NA;NA;NA;NA;NA;NA;NA;NA;NA;NA;2015-12-11 16:37:00;2015-12-11 16:40:00;3;0.1;5.9;0.6;NA;NA;NA;NA;NA;NA;NA;NA;NA;NA;NA;NA;2015-12-11 17:05:00;2015-12-11 17:08:00;3;0.1;5.9;0.6;NA;NA;NA;NA;NA;NA
2015-12-11 18:45:00;2015-12-11 20:42:00;117;0.1;0.9;0.2;NA;NA;NA;NA;NA;NA;2015-12-11 19:45:00;2015-12-11 19:48:00;3;0.1;5.9;0.6;2015-12-11 20:21:00;2015-12-11 20:24:00;3;0.1;5.9;0.6;2015-12-11 20:34:00;2015-12-11 20:37:00;3;0.1;6.1;0.6;2015-12-11 18:45:00;2015-12-11 18:48:00;3;0.1;6.1;0.6;2015-12-11 20:39:00;2015-12-11 20:42:00;3;0.1;5.9;0.6;NA;NA;NA;NA;NA;NA
2015-12-12 01:05:00;2015-12-12 10:01:00;536;1;4.3;1.9;2015-12-12 01:05:00;2015-12-12 03:48:00;163;1.5;5.9;2.9;2015-12-12 01:12:00;2015-12-12 04:22:00;190;0.8;5.9;1.8;2015-12-12 01:10:00;2015-12-12 07:26:00;376;1.2;5.9;2.4;2015-12-12 01:14:00;2015-12-12 02:15:00;61;0.5;6.1;1.2;2015-12-12 01:09:00;2015-12-12 05:07:00;238;0.9;6.1;1.8;2015-12-12 01:10:00;2015-12-12 05:21:00;251;1.2;5.9;2.4;2015-12-12 01:08:00;2015-12-12 03:29:00;141;0.8;5.8;1.7
2015-12-13 07:09:00;2015-12-13 19:51:00;762;1.3;7.7;5.5;2015-12-13 13:11:00;2015-12-13 13:34:00;23;1.7;17.8;7.7;2015-12-13 13:13:00;2015-12-13 13:41:00;28;1.1;11.8;4.7;2015-12-13 13:11:00;2015-12-13 13:39:00;28;1.5;17.9;6.6;2015-12-13 13:14:00;2015-12-13 13:40:00;26;1.3;18.4;6.1;2015-12-13 13:13:00;2015-12-13 13:40:00;27;1.1;12.4;4.9;2015-12-13 13:11:00;2015-12-13 13:35:00;24;1.4;18.2;6;2015-12-13 13:14:00;2015-12-13 13:44:00;30;1;12.5;4.2
2015-12-14 08:39:00;2015-12-18 23:31:00;6652;2.1;2.5;1;2015-12-14 09:59:00;2015-12-18 16:19:00;6140;4;5.8;1.7;2015-12-17 03:58:00;2015-12-18 15:54:00;2156;3.2;5.9;1.8;2015-12-17 03:41:00;2015-12-18 15:58:00;2177;3.1;5.9;1.8;2015-12-14 09:10:00;2015-12-17 07:08:00;4198;0.7;6.1;1.2;2015-12-17 03:43:00;2015-12-17 06:56:00;193;0.6;6.1;1.2;2015-12-14 09:15:00;2015-12-14 09:18:00;3;0.1;5.9;0.6;2015-12-17 05:39:00;2015-12-18 15:54:00;2055;2.8;5.8;1.7
2015-12-19 09:19:00;2015-12-19 10:11:00;52;0;0.8;0.1;NA;NA;NA;NA;NA;NA;2015-12-19 09:32:00;2015-12-19 09:35:00;3;0.1;5.9;0.6;NA;NA;NA;NA;NA;NA;NA;NA;NA;NA;NA;NA;NA;NA;NA;NA;NA;NA;NA;NA;NA;NA;NA;NA;NA;NA;NA;NA;NA;NA
2015-12-19 17:09:00;2016-01-01 00:01:00;17692;0.8;1.7;0.5;2015-12-20 03:07:00;2015-12-25 03:02:00;7195;1.6;5.8;1.2;2015-12-20 04:28:00;2015-12-24 07:51:00;5963;1.4;5.9;1.2;2015-12-20 02:54:00;2015-12-25 05:54:00;7380;1.5;5.9;1.2;NA;NA;NA;NA;NA;NA;NA;NA;NA;NA;NA;NA;NA;NA;NA;NA;NA;NA;2015-12-20 06:10:00;2015-12-21 13:17:00;1867;1.1;5.8;1.2
