"ord";"id";"st";"en";"Vtot";"Qmax";"TQmax";"Vtot.1";"Qmax.1";"TQmax.1";"Vtot.2";"Qmax.2";"TQmax.2"
1;2013-06-09 16:40:00;2013-06-09 16:40:00;2013-06-09 22:46:00;10745.2932;3.82795;2013-06-09 17:08:00;5651.5404;1.39048;2013-06-09 17:00:00;5398.7448;3.09132;2013-06-09 17:08:00
2;2013-06-10 13:57:00;2013-06-10 13:58:00;2013-06-10 19:44:00;1557.438;0.36975;2013-06-10 16:32:00;614.5344;0.13553;2013-06-10 16:22:00;674.7108;0.11573;2013-06-10 16:24:00
3;2013-06-14 06:31:00;2013-06-14 06:32:00;2013-06-14 09:34:00;350.4996;0.07213;2013-06-14 07:44:00;139.4616;0.05177;2013-06-14 07:26:00;176.76;0.03131;2013-06-14 07:32:00
4;2013-06-21 02:05:00;2013-06-21 02:06:00;2013-06-21 03:56:00;1043.1324;0.74831;2013-06-21 02:40:00;494.6292;0.36904;2013-06-21 02:26:00;394.0824;0.26407;2013-06-21 02:30:00
5;2013-06-23 01:10:00;2013-06-23 01:10:00;2013-06-23 01:24:00;17.8008;0.04963;2013-06-23 01:20:00;0.894;0.00101;2013-06-23 01:10:00;9.1968;0.0147;2013-06-23 01:24:00
6;2013-06-24 13:09:00;2013-06-24 13:10:00;2013-06-25 22:24:00;20152.0452;0.59445;2013-06-25 03:20:00;10177.2228;0.30691;2013-06-25 03:14:00;8235.6564;0.23208;2013-06-25 03:14:00
7;2013-06-26 05:10:00;2013-06-26 05:10:00;2013-06-26 09:34:00;398.6424;0.04336;2013-06-26 07:18:00;70.2564;0.02574;2013-06-26 06:36:00;190.422;0.01607;2013-06-26 07:12:00
8;2013-06-29 22:15:00;2013-06-29 22:16:00;2013-06-30 01:18:00;161.8896;0.03567;2013-06-30 00:50:00;31.3872;0.01571;2013-06-30 00:22:00;122.2392;0.01663;2013-06-30 00:32:00
9;2013-07-03 07:24:00;2013-07-03 07:24:00;2013-07-03 10:26:00;247.284;0.0872;2013-07-03 09:46:00;107.5212;0.05133;2013-07-03 09:20:00;152.5068;0.03627;2013-07-03 09:22:00
10;2013-07-03 16:47:00;2013-07-03 16:48:00;2013-07-03 18:42:00;1592.28;1.42102;2013-07-03 17:26:00;233.0136;0.30519;2013-07-03 17:20:00;860.9016;1.34488;2013-07-03 17:22:00
11;2013-07-03 23:38:00;2013-07-03 23:38:00;2013-07-04 01:00:00;56.076;0.04246;2013-07-04 00:44:00;21.4416;0.01834;2013-07-04 00:18:00;53.5836;0.01431;2013-07-04 00:18:00
12;2013-07-24 21:41:00;2013-07-24 21:42:00;2013-07-25 02:30:00;876.9444;0.291;2013-07-25 00:04:00;435.2532;0.15717;2013-07-25 00:18:00;414.7476;0.10493;2013-07-25 00:34:00
13;2013-07-29 18:21:00;2013-07-29 18:22:00;2013-07-29 23:42:00;319.3944;0.50927;2013-07-29 18:38:00;6401.7048;1.48107;2013-07-29 18:42:00;5033.0808;3.25329;2013-07-29 18:48:00
14;2013-07-30 00:29:00;2013-07-30 00:30:00;2013-07-30 04:28:00;352.8144;0.11457;2013-07-30 02:22:00;294.2628;0.09204;2013-07-30 02:16:00;287.8752;0.0652;2013-07-30 02:22:00
15;2013-08-04 03:02:00;2013-08-04 03:02:00;2013-08-04 07:42:00;344.4624;0.41048;2013-08-04 04:36:00;3912.1968;0.89386;2013-08-04 03:22:00;1197.3864;1.55038;2013-08-04 03:20:00
16;2013-08-04 16:57:00;2013-08-04 16:58:00;2013-08-04 20:46:00;1158.8292;0.64816;2013-08-04 17:48:00;1232.6016;0.34309;2013-08-04 17:36:00;880.2612;0.30888;2013-08-04 17:38:00
17;2013-08-06 22:26:00;2013-08-06 22:26:00;2013-08-07 04:12:00;1275.2808;0.43346;2013-08-06 22:58:00;1271.3544;0.23669;2013-08-07 02:12:00;1087.512;0.21979;2013-08-06 22:46:00
18;2013-08-09 13:38:00;2013-08-09 13:38:00;2013-08-09 19:58:00;1907.142;0.50443;2013-08-09 14:12:00;1270.0716;0.28725;2013-08-09 14:02:00;1207.9044;0.2901;2013-08-09 14:02:00
19;2013-08-10 19:40:00;2013-08-10 19:40:00;2013-08-10 22:22:00;733.374;0.42693;2013-08-10 20:56:00;582.7188;0.22758;2013-08-10 20:28:00;531.0072;0.15971;2013-08-10 20:34:00
20;2013-08-19 13:41:00;2013-08-19 13:42:00;2013-08-19 17:34:00;795.0996;0.42942;2013-08-19 14:24:00;886.7196;0.25445;2013-08-19 14:08:00;713.2008;0.18509;2013-08-19 14:10:00
21;2013-08-19 18:28:00;2013-08-19 18:28:00;2013-08-19 21:02:00;140.3952;0.07908;2013-08-19 19:24:00;217.6452;0.09571;2013-08-19 18:54:00;194.9424;0.05688;2013-08-19 19:00:00
22;2013-08-25 12:50:00;2013-08-25 12:50:00;2013-08-26 04:28:00;1147.4088;0.22443;2013-08-25 22:44:00;2630.9424;0.15723;2013-08-25 22:34:00;1949.8836;0.08592;2013-08-25 22:32:00
23;2013-08-27 18:41:00;2013-08-27 18:42:00;2013-08-28 02:18:00;699.7332;0.241755;2013-08-28 00:38:00;360.0696;0.1427;2013-08-28 00:26:00;466.5084;0.11938;2013-08-28 00:32:00
24;2013-08-29 16:08:00;2013-08-29 16:08:00;2013-08-29 18:28:00;184.536;0.06529;2013-08-29 17:20:00;14.8404;0.01703;2013-08-29 17:42:00;140.712;0.04246;2013-08-29 17:42:00
25;2013-08-31 21:56:00;2013-08-31 21:56:00;2013-09-01 05:34:00;1558.47;0.264025;2013-09-01 00:22:00;621.7992;0.15351;2013-09-01 00:12:00;748.932;0.14628;2013-09-01 02:28:00
26;2013-09-09 04:55:00;2013-09-09 04:56:00;2013-09-09 08:54:00;1031.3004;1.404755;2013-09-09 05:20:00;1658.7732;1.05074;2013-09-09 05:12:00;1315.8396;1.00523;2013-09-09 05:16:00
27;2013-09-10 13:35:00;2013-09-10 13:36:00;2013-09-10 20:06:00;640.0098;0.311455;2013-09-10 16:56:00;1302.7524;0.23391;2013-09-10 16:58:00;972.8232;0.17214;2013-09-10 16:54:00
28;2013-09-12 16:41:00;2013-09-12 16:42:00;2013-09-12 19:44:00;523.1586;0.22257;2013-09-12 18:18:00;504.3132;0.10478;2013-09-12 18:12:00;337.7508;0.10478;2013-09-12 18:04:00
29;2013-09-13 05:17:00;2013-09-13 05:18:00;2013-09-13 07:04:00;237.9354;0.13;2013-09-13 06:10:00;97.818;0.07741;2013-09-13 05:58:00;212.7276;0.14125;2013-09-13 05:56:00
30;2013-09-15 17:41:00;2013-09-15 17:42:00;2013-09-15 19:38:00;166.5102;0.26999;2013-09-15 19:06:00;11.1156;0.00382;2013-09-15 18:44:00;53.6736;0.01297;2013-09-15 18:42:00
31;2013-09-16 16:30:00;2013-09-16 16:30:00;2013-09-16 18:54:00;326.6358;0.24959;2013-09-16 17:32:00;346.5336;0.15265;2013-09-16 17:18:00;293.5908;0.11091;2013-09-16 17:20:00
32;2013-09-16 23:37:00;2013-09-16 23:38:00;2013-09-17 03:10:00;298.4922;0.10208;2013-09-17 01:04:00;338.7144;0.07347;2013-09-17 00:52:00;296.4576;0.049;2013-09-17 00:54:00
33;2013-09-18 07:18:00;2013-09-18 07:18:00;2013-09-18 20:18:00;504.0726;0.0973;2013-09-18 18:40:00;696.2076;0.07531;2013-09-18 18:32:00;740.106;0.05422;2013-09-18 18:36:00
34;2013-09-19 09:29:00;2013-09-19 09:30:00;2013-09-19 10:00:00;8.439;0.021965;2013-09-19 10:00:00;8.7948;0.02042;2013-09-19 10:00:00;23.7828;0.03573;2013-09-19 10:00:00
35;2013-09-26 13:35:00;2013-09-26 13:36:00;2013-09-26 15:40:00;45.6216;0.08318;2013-09-26 14:50:00;86.4504;0.05309;2013-09-26 14:32:00;102.93;0.04057;2013-09-26 14:36:00
36;2013-10-10 16:54:00;2013-10-10 16:54:00;2013-10-11 01:20:00;4195.8192;0.61599;2013-10-10 19:04:00;2562.5532;0.31101;2013-10-10 18:58:00;2106.2364;0.26511;2013-10-10 19:02:00
37;2013-10-11 11:00:00;2013-10-11 11:00:00;2013-10-11 19:10:00;1200.3384;0.45801;2013-10-11 16:48:00;1081.4616;0.28461;2013-10-11 16:38:00;887.1;0.2225;2013-10-11 16:42:00
38;2013-10-17 06:34:00;2013-10-17 06:34:00;2013-10-17 10:10:00;145.4172;0.1223;2013-10-17 08:30:00;145.9368;0.09079;2013-10-17 08:20:00;19.5216;0.01006;2013-10-17 09:28:00
39;2013-10-17 23:35:00;2013-10-17 23:36:00;2013-10-18 01:40:00;14.628;0.01457;2013-10-17 23:50:00;4.0524;0.00193;2013-10-18 01:02:00;51.468;0.01056;2013-10-18 00:14:00
40;2013-10-20 17:05:00;2013-10-20 17:06:00;2013-10-20 19:40:00;1534.824;0.75005;2013-10-20 17:54:00;1.9296;0.00232;2013-10-20 19:40:00;793.494;0.33523;2013-10-20 17:38:00
41;2013-10-23 23:22:00;2013-10-23 23:22:00;2013-10-24 02:40:00;28.7568;0.02367;2013-10-24 01:40:00;10.2144;0.00236;2013-10-24 00:56:00;86.4816;0.0123;2013-10-24 01:10:00
42;2013-11-02 06:11:00;2013-11-02 06:12:00;2013-11-02 11:38:00;48.8076;0.02433;2013-11-02 08:40:00;20.9688;0.00424;2013-11-02 08:08:00;63.5808;0.00938;2013-11-02 08:46:00
43;2013-11-03 08:39:00;2013-11-03 08:40:00;2013-11-03 13:10:00;635.9304;0.21746;2013-11-03 11:34:00;510.0432;0.1053;2013-11-03 11:22:00;456.7572;0.086;2013-11-03 11:24:00
44;2013-11-06 01:43:00;2013-11-06 01:44:00;2013-11-06 06:28:00;392.7876;0.16459;2013-11-06 03:06:00;371.0988;0.096;2013-11-06 03:42:00;367.362;0.06968;2013-11-06 03:42:00
45;2013-11-06 21:10:00;2013-11-06 21:10:00;2013-11-07 04:10:00;204.4128;0.14184;2013-11-07 01:56:00;350.4168;0.08729;2013-11-07 01:40:00;383.1324;0.06439;2013-11-07 01:44:00
46;2013-11-09 04:14:00;2013-11-09 04:14:00;2013-11-09 08:20:00;106.914;0.09987;2013-11-09 06:30:00;211.782;0.04608;2013-11-09 06:20:00;251.5068;0.04163;2013-11-09 06:24:00
47;2013-11-10 13:06:00;2013-11-10 13:06:00;2013-11-10 22:50:00;796.5492;0.17123;2013-11-10 14:52:00;1158.5016;0.09991;2013-11-10 14:48:00;962.454;0.07144;2013-11-10 14:50:00
48;2013-11-15 06:32:00;2013-11-15 06:32:00;2013-11-15 11:00:00;49.8408;0.02569;2013-11-15 09:40:00;60.7224;0.02141;2013-11-15 09:06:00;127.8228;0.01472;2013-11-15 08:56:00
49;2013-11-20 00:49:00;2013-11-20 00:50:00;2013-11-20 04:20:00;31.1064;0.02185;2013-11-20 03:20:00;12.252;0.00314;2013-11-20 02:40:00;93.5112;0.01119;2013-11-20 02:34:00
50;2013-11-20 07:03:00;2013-11-20 07:04:00;2013-11-20 12:00:00;127.8804;0.11312;2013-11-20 09:10:00;256.2348;0.05867;2013-11-20 08:52:00;299.7852;0.04738;2013-11-20 08:52:00
51;2013-11-29 23:35:00;2013-11-29 23:36:00;2013-11-30 03:00:00;70.2864;0.09535;2013-11-30 00:40:00;110.3976;0.05791;2013-11-30 00:26:00;155.2092;0.04189;2013-11-30 00:22:00
52;2013-12-05 21:53:00;2013-12-05 21:54:00;2013-12-06 02:20:00;404.5788;0.34012;2013-12-06 00:14:00;250.7496;0.1695;2013-12-06 00:02:00;294.7944;0.14674;2013-12-06 00:04:00
53;2013-12-08 06:19:00;2013-12-08 06:20:00;2013-12-08 12:30:00;64.3512;0.02201;2013-12-08 09:10:00;39.0072;0.00382;2013-12-08 09:12:00;114.168;0.00775;2013-12-08 08:52:00
54;2013-12-09 04:49:00;2013-12-09 04:50:00;2013-12-09 13:00:00;125.0652;0.0419;2013-12-09 06:30:00;77.6604;0.02726;2013-12-09 06:02:00;265.008;0.01764;2013-12-09 06:10:00
55;2014-01-04 22:31:00;2014-01-04 22:32:00;2014-01-05 03:26:00;549.2652;0.10566;2014-01-05 00:30:00;238.032;0.05489;2014-01-05 00:14:00;221.2068;0.03434;2014-01-05 00:16:00
56;2014-01-05 14:50:00;2014-01-05 14:50:00;2014-01-05 23:56:00;1772.1588;0.1437;2014-01-05 17:04:00;852.0684;0.0722;2014-01-05 16:56:00;632.01;0.04909;2014-01-05 17:00:00
57;2014-01-10 02:58:00;2014-01-10 02:58:00;2014-01-10 03:12:00;3.8496;0.01495;2014-01-10 03:10:00;0.4152;0.00057;2014-01-10 03:08:00;0.4056;0.00058;2014-01-10 03:04:00
58;2014-01-14 19:57:00;2014-01-14 19:58:00;2014-01-15 00:22:00;39.7848;0.01231;2014-01-14 23:26:00;11.5716;0.00179;2014-01-14 22:22:00;38.376;0.0059;2014-01-14 22:02:00
59;2014-01-15 03:56:00;2014-01-15 03:56:00;2014-01-15 10:00:00;411.042;0.05544;2014-01-15 08:18:00;155.262;0.02714;2014-01-15 07:08:00;159.2232;0.01988;2014-01-15 08:02:00
60;2014-01-17 16:01:00;2014-01-17 16:02:00;2014-01-17 21:00:00;253.752;0.03334;2014-01-17 17:58:00;40.152;0.01862;2014-01-17 17:30:00;0;-Inf;2013-06-09 18:38:00
61;2014-01-20 09:07:00;2014-01-20 09:08:00;2014-01-21 19:30:00;2328.222;0.07002;2014-01-20 21:34:00;424.8504;0.03497;2014-01-20 21:16:00;288.7992;0.01595;2014-01-21 09:48:00
62;2014-01-22 11:09:00;2014-01-22 11:10:00;2014-01-22 15:32:00;89.5716;0.01498;2014-01-22 11:22:00;12.528;0.00166;2014-01-22 12:00:00;93.0564;0.00865;2014-01-22 11:52:00
63;2014-01-31 09:03:00;2014-01-31 09:04:00;2014-01-31 17:40:00;93.8796;0.014;2014-01-31 16:24:00;33.372;0.00253;2014-01-31 15:58:00;144.7404;0.00789;2014-01-31 11:32:00
64;2014-02-01 12:17:00;2014-02-01 12:18:00;2014-02-01 17:20:00;256.554;0.02499;2014-02-01 14:54:00;27.0348;0.00467;2014-02-01 15:08:00;88.5144;0.00658;2014-02-01 14:26:00
65;2014-02-03 10:36:00;2014-02-03 10:36:00;2014-02-03 16:26:00;102.048;0.01544;2014-02-03 15:34:00;27.1416;0.00265;2014-02-03 15:00:00;90.3456;0.00567;2014-02-03 14:12:00
66;2014-03-04 15:47:00;2014-03-04 15:48:00;2014-03-04 16:28:00;3.5988;0.01151;2014-03-04 16:10:00;125.034;0.11008;2014-03-04 16:16:00;45.108;0.06497;2014-03-04 16:26:00
67;2014-03-15 08:39:00;2014-03-15 08:40:00;2014-03-15 14:00:00;840.9504;0.12856;2014-03-15 12:00:00;347.7924;0.0736;2014-03-15 11:48:00;372.162;0.06743;2014-03-15 11:46:00
68;2014-03-18 16:23:00;2014-03-18 16:24:00;2014-03-19 01:16:00;776.0784;0.08214;2014-03-18 23:16:00;335.7684;0.05218;2014-03-18 22:58:00;351.4404;0.04222;2014-03-18 23:00:00
69;2014-03-22 16:51:00;2014-03-22 16:52:00;2014-03-23 04:00:00;827.1024;0.13407;2014-03-22 22:10:00;311.7528;0.09165;2014-03-22 21:58:00;387.0276;0.06133;2014-03-22 21:56:00
70;2014-03-23 07:05:00;2014-03-23 07:06:00;2014-03-23 22:08:00;3430.1268;0.16552;2014-03-23 12:50:00;1664.1852;0.09622;2014-03-23 12:42:00;1321.1964;0.06931;2014-03-23 12:36:00
71;2014-03-24 01:43:00;2014-03-24 01:44:00;2014-03-24 18:20:00;4343.895;0.312;2014-03-24 06:52:00;1846.962;0.11864;2014-03-24 07:00:00;1650.2562;0.10968;2014-03-24 06:44:00
72;2014-03-25 10:07:00;2014-03-25 10:08:00;2014-03-25 13:30:00;238.5864;0.07835;2014-03-25 11:28:00;110.7888;0.0472;2014-03-25 11:04:00;125.5746;0.029075;2014-03-25 11:20:00
73;2014-04-03 21:22:00;2014-04-03 21:22:00;2014-04-04 00:04:00;206.304;0.0655;2014-04-03 22:20:00;64.3476;0.04244;2014-04-03 22:02:00;135.582;0.05621;2014-04-03 21:42:00
74;2014-04-09 21:28:00;2014-04-09 21:28:00;2014-04-10 00:32:00;195.39;0.04877;2014-04-09 22:52:00;70.656;0.04044;2014-04-09 22:24:00;86.3772;0.02321;2014-04-09 22:24:00
75;2014-04-13 02:33:00;2014-04-13 02:34:00;2014-04-13 08:10:00;142.4988;0.02087;2014-04-13 06:34:00;22.8324;0.00413;2014-04-13 06:02:00;71.4564;0.01447;2014-04-13 06:54:00
76;2014-04-14 16:27:00;2014-04-14 16:28:00;2014-04-14 19:14:00;210.4596;0.07065;2014-04-14 17:40:00;69.5844;0.05581;2014-04-14 17:18:00;94.938;0.03834;2014-04-14 17:20:00
77;2014-04-14 22:02:00;2014-04-14 22:02:00;2014-04-15 00:48:00;167.0472;0.04179;2014-04-14 23:24:00;47.238;0.02658;2014-04-14 22:52:00;77.3868;0.01982;2014-04-14 22:50:00
78;2014-04-26 17:57:00;2014-04-26 17:58:00;2014-04-26 20:20:00;591.6528;0.33611;2014-04-26 18:32:00;478.842;0.30087;2014-04-26 18:20:00;3.7824;0.00418;2014-04-26 20:14:00
79;2014-04-28 14:40:00;2014-04-28 14:40:00;2014-04-28 17:10:00;907.6908;0.56791;2014-04-28 15:40:00;439.1088;0.3954;2014-04-28 15:36:00;13.5696;0.03369;2014-04-28 15:20:00
80;2014-05-02 14:37:00;2014-05-02 14:38:00;2014-05-02 18:30:00;1336.2792;0.40613;2014-05-02 16:20:00;64.188;0.03866;2014-05-02 15:32:00;0.5424;0.0037;2014-05-02 15:18:00
81;2014-05-02 22:28:00;2014-05-02 22:28:00;2014-05-03 03:20:00;96.9528;0.01992;2014-05-03 02:44:00;17.676;0.00306;2014-05-03 01:30:00;2.6388;0.00377;2014-05-03 00:52:00
82;2014-05-07 06:30:00;2014-05-07 06:30:00;2014-05-07 15:00:00;1802.6712;0.37777;2014-05-07 08:50:00;77.9244;0.03533;2014-05-07 08:30:00;13.7556;0.00365;2014-05-07 08:04:00
83;2014-05-10 21:19:00;2014-05-10 21:20:00;2014-05-11 02:16:00;274.998;0.05046;2014-05-11 00:24:00;43.7808;0.02048;2014-05-11 00:02:00;168.4236;0.02936;2014-05-11 00:06:00
84;2014-05-11 10:01:00;2014-05-11 10:02:00;2014-05-11 12:10:00;79.2348;0.02461;2014-05-11 11:20:00;14.766;0.00727;2014-05-11 10:36:00;58.812;0.01732;2014-05-11 10:36:00
85;2014-05-13 10:01:00;2014-05-13 10:02:00;2014-05-13 14:50:00;645.4356;0.19684;2014-05-13 12:28:00;60.1608;0.03272;2014-05-13 12:16:00;259.0416;0.08152;2014-05-13 12:16:00
86;2014-05-13 15:49:00;2014-05-13 15:50:00;2014-05-13 16:28:00;9.1224;0.02062;2014-05-13 16:00:00;2.5416;0.00128;2014-05-13 16:10:00;8.1624;0.00382;2014-05-13 16:20:00
87;2014-05-16 17:09:00;2014-05-16 17:10:00;2014-05-17 02:30:00;1951.6008;0.15197;2014-05-16 23:48:00;110.3844;0.03201;2014-05-17 00:26:00;862.452;0.0682;2014-05-16 23:38:00
88;2014-05-17 12:53:00;2014-05-17 12:54:00;2014-05-17 23:50:00;5928.3624;0.4102;2014-05-17 15:12:00;145.3176;0.04669;2014-05-17 19:34:00;2734.9224;0.21111;2014-05-17 15:06:00
89;2014-05-18 10:28:00;2014-05-18 10:28:00;2014-05-18 13:20:00;95.4528;0.03035;2014-05-18 12:16:00;18.2256;0.00893;2014-05-18 12:10:00;84.8256;0.01557;2014-05-18 11:46:00
90;2014-05-18 19:58:00;2014-05-18 19:58:00;2014-05-18 23:54:00;302.2536;0.0703;2014-05-18 21:44:00;40.7148;0.03249;2014-05-18 21:52:00;200.3928;0.03052;2014-05-18 21:38:00
91;2014-05-23 14:54:00;2014-05-23 14:54:00;2014-05-24 10:00:00;8375.052;3.87663;2014-05-23 15:18:00;9587.772;1.54985;2014-05-23 15:22:00;7735.2996;3.00734;2014-05-23 15:20:00
92;2014-05-27 06:51:00;2014-05-27 06:52:00;2014-05-27 09:32:00;777.8244;0.71393;2014-05-27 07:46:00;568.1052;0.33208;2014-05-27 07:40:00;618.8376;0.54382;2014-05-27 07:38:00
93;2014-05-27 13:52:00;2014-05-27 13:52:00;2014-05-27 19:20:00;5071.008;2.62605;2014-05-27 14:16:00;3471.5424;0.97971;2014-05-27 14:16:00;156.6096;0.96543;2014-05-27 14:06:00
94;2014-05-28 11:07:00;2014-05-28 11:08:00;2014-05-30 02:12:00;8820.4512;0.69537;2014-05-28 12:46:00;3665.6364;0.37557;2014-05-28 12:38:00;10.2336;0.02271;2014-05-29 09:56:00
95;2014-06-24 22:50:00;2014-06-24 22:50:00;2014-06-25 01:00:00;46.3392;0.02504;2014-06-25 00:12:00;10.9056;0.01174;2014-06-24 23:36:00;0;0;2014-06-24 22:50:00
96;2014-06-25 01:40:00;2014-06-25 01:40:00;2014-06-25 07:00:00;802.746;0.21419;2014-06-25 05:28:00;373.728;0.16214;2014-06-25 02:50:00;0;0;2014-06-25 01:40:00
97;2014-06-25 12:25:00;2014-06-25 12:26:00;2014-06-25 15:40:00;1102.7892;0.88349;2014-06-25 13:30:00;528.324;0.29993;2014-06-25 13:28:00;0;0;2014-06-25 12:26:00
98;2014-06-28 19:38:00;2014-06-28 19:38:00;2014-06-28 22:46:00;195.6828;0.0547;2014-06-28 21:48:00;62.2008;0.04148;2014-06-28 21:24:00;0;0;2014-06-28 19:38:00
99;2014-06-29 12:51:00;2014-06-29 12:52:00;2014-06-29 18:14:00;488.8332;0.12801;2014-06-29 15:02:00;213.8592;0.08225;2014-06-29 14:48:00;0;0;2014-06-29 12:52:00
100;2014-06-30 15:31:00;2014-06-30 15:32:00;2014-06-30 18:40:00;3685.7688;2.53254;2014-06-30 16:00:00;1989.726;0.83727;2014-06-30 15:58:00;0;-Inf;2013-06-09 19:58:00
101;2014-07-01 12:55:00;2014-07-01 12:56:00;2014-07-01 14:40:00;388.5348;0.35552;2014-07-01 13:36:00;230.0952;0.24483;2014-07-01 13:26:00;0;-Inf;2013-06-09 20:00:00
102;2014-07-05 17:00:00;2014-07-05 17:00:00;2014-07-06 00:30:00;67.1628;0.03065;2014-07-05 21:18:00;15.8736;0.00089;2014-07-05 18:02:00;39.6408;0.00584;2014-07-05 17:54:00
103;2014-07-07 18:27:00;2014-07-07 18:28:00;2014-07-07 20:50:00;1126.098;0.75785;2014-07-07 18:54:00;810.9276;0.65244;2014-07-07 18:44:00;440.364;0.47838;2014-07-07 18:46:00
104;2014-07-08 11:12:00;2014-07-08 11:12:00;2014-07-09 01:58:00;1914.498;1.73275;2014-07-08 12:00:00;4281.6612;0.86085;2014-07-08 11:50:00;1792.3884;1.76002;2014-07-08 11:52:00
105;2014-07-09 03:35:00;2014-07-09 03:36:00;2014-07-09 06:10:00;51.3204;0.033;2014-07-09 05:14:00;36.3996;0.02231;2014-07-09 04:48:00;60.8916;0.01207;2014-07-09 04:42:00
106;2014-07-09 23:02:00;2014-07-09 23:02:00;2014-07-10 09:10:00;247.0212;0.08629;2014-07-10 03:48:00;711.6588;0.07439;2014-07-10 04:40:00;465.2988;0.04374;2014-07-10 03:36:00
107;2014-07-10 12:53:00;2014-07-10 12:54:00;2014-07-10 16:30:00;59.9364;0.02515;2014-07-10 14:50:00;19.7556;0.00585;2014-07-10 14:34:00;81.3816;0.01214;2014-07-10 14:30:00
108;2014-07-11 14:15:00;2014-07-11 14:16:00;2014-07-11 18:40:00;2323.8612;1.74045;2014-07-11 14:50:00;2486.6772;0.99344;2014-07-11 14:48:00;1694.6436;2.75762;2014-07-11 14:50:00
109;2014-07-12 05:32:00;2014-07-12 05:32:00;2014-07-12 07:50:00;305.8596;0.17493;2014-07-12 06:12:00;124.3632;0.08294;2014-07-12 06:00:00;60.7668;0.02624;2014-07-12 06:30:00
110;2014-07-13 14:01:00;2014-07-13 14:02:00;2014-07-13 17:20:00;1198.9344;0.50212;2014-07-13 14:48:00;693.6672;0.33412;2014-07-13 14:40:00;244.0632;0.26989;2014-07-13 14:40:00
111;2014-07-21 16:04:00;2014-07-21 16:04:00;2014-07-22 01:48:00;1649.9712;0.62932;2014-07-21 20:24:00;1736.6676;0.33943;2014-07-21 20:16:00;0;-Inf;2013-06-09 20:20:00
112;2014-07-26 22:55:00;2014-07-26 22:56:00;2014-07-26 23:42:00;37.1484;0.04013;2014-07-26 23:12:00;0.6708;0.00031;2014-07-26 23:36:00;10.8612;0.00615;2014-07-26 23:34:00
113;2014-07-27 18:23:00;2014-07-27 18:24:00;2014-07-27 20:10:00;117.9096;0.08061;2014-07-27 18:40:00;33.5448;0.03265;2014-07-27 18:50:00;193.1088;0.17013;2014-07-27 18:44:00
114;2014-07-29 16:47:00;2014-07-29 16:48:00;2014-07-29 18:20:00;64.728;0.08089;2014-07-29 17:02:00;19.0332;0.03601;2014-07-29 17:02:00;190.428;0.24723;2014-07-29 17:06:00
115;2014-07-30 16:23:00;2014-07-30 16:24:00;2014-07-30 20:18:00;88.242;0.06219;2014-07-30 17:38:00;386.5536;0.10257;2014-07-30 18:08:00;211.2312;0.03981;2014-07-30 18:14:00
116;2014-08-11 02:26:00;2014-08-11 02:26:00;2014-08-11 14:42:00;2108.592;0.25883;2014-08-11 09:26:00;985.5684;0.15442;2014-08-11 09:20:00;962.9988;0.12264;2014-08-11 09:18:00
117;2014-08-14 15:10:00;2014-08-14 15:10:00;2014-08-14 17:10:00;1459.9248;1.53255;2014-08-14 15:42:00;991.1556;0.77894;2014-08-14 15:32:00;827.8836;1.05308;2014-08-14 15:34:00
118;2014-08-15 14:51:00;2014-08-15 14:52:00;2014-08-15 16:54:00;395.4804;0.34629;2014-08-15 15:52:00;172.3032;0.19354;2014-08-15 15:32:00;195.7092;0.15485;2014-08-15 15:34:00
119;2014-08-16 05:31:00;2014-08-16 05:32:00;2014-08-16 08:10:00;106.9404;0.03823;2014-08-16 07:30:00;56.8368;0.02896;2014-08-16 07:02:00;71.5212;0.02178;2014-08-16 07:00:00
120;2014-08-16 14:27:00;2014-08-16 14:28:00;2014-08-16 16:54:00;1263.4776;0.733;2014-08-16 15:18:00;492.912;0.37506;2014-08-16 15:10:00;659.2944;0.53985;2014-08-16 15:08:00
121;2014-08-26 05:11:00;2014-08-26 05:12:00;2014-08-26 14:00:00;1067.5428;0.2258;2014-08-26 12:16:00;409.2888;0.11155;2014-08-26 12:02:00;0;-Inf;2013-06-09 20:40:00
122;2014-08-26 14:11:00;2014-08-26 14:12:00;2014-08-26 16:30:00;101.28;0.03909;2014-08-26 15:32:00;55.488;0.02735;2014-08-26 15:06:00;0;-Inf;2013-06-09 20:42:00
123;2014-08-26 22:17:00;2014-08-26 22:18:00;2014-08-27 09:00:00;2716.2024;0.24311;2014-08-27 06:12:00;1340.8872;0.14525;2014-08-27 06:00:00;0;-Inf;2013-06-09 20:44:00
124;2014-08-29 14:59:00;2014-08-29 15:00:00;2014-08-29 17:24:00;973.002;1.04874;2014-08-29 15:30:00;640.5612;0.5117;2014-08-29 15:26:00;0;-Inf;2013-06-09 20:46:00
125;2014-08-30 12:40:00;2014-08-30 12:40:00;2014-08-30 14:40:00;325.998;0.13689;2014-08-30 13:04:00;86.8956;0.04449;2014-08-30 13:14:00;0;-Inf;2013-06-09 20:48:00
126;2014-08-31 08:42:00;2014-08-31 08:42:00;2014-08-31 13:52:00;654.798;0.11784;2014-08-31 11:42:00;328.4712;0.07098;2014-08-31 11:28:00;0;-Inf;2013-06-09 20:50:00
127;2014-08-31 19:16:00;2014-08-31 19:16:00;2014-08-31 23:24:00;258.8076;0.07513;2014-08-31 21:08:00;93.372;0.043;2014-08-31 20:50:00;0;-Inf;2013-06-09 20:52:00
128;2014-09-01 13:57:00;2014-09-01 13:58:00;2014-09-02 08:40:00;4280.0244;0.20506;2014-09-02 03:16:00;2232.8736;0.1058;2014-09-02 03:00:00;0;-Inf;2013-06-09 20:54:00
129;2014-09-02 19:58:00;2014-09-02 19:58:00;2014-09-03 01:04:00;44.754;0.01916;2014-09-02 23:06:00;17.1216;0.00356;2014-09-02 23:06:00;0;-Inf;2013-06-09 20:56:00
130;2014-09-08 16:08:00;2014-09-08 16:08:00;2014-09-08 19:02:00;1456.1724;1.06739;2014-09-08 17:12:00;844.5588;0.59644;2014-09-08 17:04:00;636.696;0.60878;2014-09-08 17:10:00
131;2014-09-08 20:39:00;2014-09-08 20:40:00;2014-09-08 23:06:00;538.1076;0.33385;2014-09-08 21:30:00;332.508;0.31856;2014-09-08 21:16:00;241.2912;0.16605;2014-09-08 21:26:00
132;2014-09-11 15:52:00;2014-09-11 15:52:00;2014-09-12 12:00:00;7166.0832;0.54449;2014-09-12 08:40:00;3828.9492;0.31858;2014-09-12 04:34:00;2978.0592;0.27435;2014-09-12 04:36:00
133;2014-09-12 12:26:00;2014-09-12 12:26:00;2014-09-12 20:36:00;7642.3632;1.93164;2014-09-12 13:50:00;4749.3348;0.87387;2014-09-12 14:04:00;4027.014;1.55888;2014-09-12 14:10:00
134;2014-09-14 03:27:00;2014-09-14 03:28:00;2014-09-14 06:52:00;516.5904;0.24725;2014-09-14 04:58:00;242.9904;0.14325;2014-09-14 04:46:00;275.1612;0.1397;2014-09-14 04:54:00
135;2014-09-14 11:33:00;2014-09-14 11:34:00;2014-09-14 14:48:00;251.85;0.04513;2014-09-14 13:22:00;54.1584;0.02296;2014-09-14 12:52:00;127.6068;0.01985;2014-09-14 13:08:00
136;2014-09-14 16:42:00;2014-09-14 16:42:00;2014-09-14 22:40:00;2717.3904;0.85161;2014-09-14 19:08:00;1423.3128;0.38419;2014-09-14 19:02:00;1323.9168;0.5017;2014-09-14 19:08:00
137;2014-09-19 21:59:00;2014-09-19 22:00:00;2014-09-20 00:52:00;1633.848;1.05573;2014-09-19 22:42:00;881.1444;0.64909;2014-09-19 22:30:00;762.0948;0.72362;2014-09-19 22:32:00
138;2014-09-20 14:55:00;2014-09-20 14:56:00;2014-09-20 17:18:00;412.9932;0.25559;2014-09-20 15:34:00;63.0252;0.03756;2014-09-20 15:28:00;325.1604;0.3126;2014-09-20 15:24:00
139;2014-09-21 19:34:00;2014-09-21 19:34:00;2014-09-22 02:30:00;2071.038;0.49662;2014-09-21 21:30:00;1079.3496;0.26204;2014-09-21 21:20:00;1039.3296;0.25434;2014-09-21 21:22:00
140;2014-09-22 21:14:00;2014-09-22 21:14:00;2014-09-23 00:58:00;133.8732;0.02145;2014-09-22 23:50:00;16.7916;0.01089;2014-09-22 22:48:00;98.034;0.01056;2014-09-22 22:58:00
141;2014-10-08 05:38:00;2014-10-08 05:38:00;2014-10-08 09:52:00;354.3036;0.05526;2014-10-08 07:44:00;133.1796;0.03109;2014-10-08 07:20:00;187.7532;0.02564;2014-10-08 07:22:00
142;2014-10-13 23:00:00;2014-10-13 23:00:00;2014-10-14 10:20:00;5884.1856;1.14188;2014-10-14 05:12:00;3147.1116;0.62707;2014-10-14 05:12:00;2816.4516;0.91928;2014-10-14 05:10:00
143;2014-10-15 17:43:00;2014-10-15 17:44:00;2014-10-15 20:24:00;298.9632;0.12115;2014-10-15 18:36:00;142.3068;0.08896;2014-10-15 18:18:00;148.5552;0.05173;2014-10-15 18:22:00
144;2014-10-16 03:42:00;2014-10-16 03:42:00;2014-10-16 11:30:00;2325.5172;0.31912;2014-10-16 06:28:00;1052.64;0.23934;2014-10-16 06:20:00;1045.524;0.1962;2014-10-16 06:16:00
145;2014-10-16 17:03:00;2014-10-16 17:04:00;2014-10-16 19:30:00;492.3996;0.29445;2014-10-16 17:28:00;206.9772;0.19473;2014-10-16 17:18:00;252.3492;0.172;2014-10-16 17:16:00
146;2014-10-17 06:29:00;2014-10-17 06:30:00;2014-10-17 13:00:00;919.5516;0.0963;2014-10-17 09:00:00;411.1596;0.04906;2014-10-17 08:42:00;425.6652;0.0443;2014-10-17 08:48:00
147;2014-10-21 22:00:00;2014-10-21 22:00:00;2014-10-22 02:50:00;1683.6996;0.53056;2014-10-21 23:08:00;792.8304;0.29038;2014-10-21 23:02:00;737.1912;0.24374;2014-10-21 23:06:00
148;2014-10-22 10:47:00;2014-10-22 10:48:00;2014-10-23 08:30:00;4105.4748;0.20231;2014-10-22 14:24:00;1888.3104;0.10006;2014-10-22 14:16:00;1744.9848;0.07761;2014-10-22 14:14:00
149;2015-01-02 09:20:00;2015-01-02 09:20:00;2015-01-02 15:00:00;46.878;0.24999;2015-01-02 12:00:00;0;-Inf;2013-06-09 21:36:00;16.1916;0.06836;2015-01-02 12:00:00
150;2015-01-03 23:59:00;2015-01-04 00:00:00;2015-01-04 02:22:00;4.9608;0.02014;2015-01-04 00:00:00;0;-Inf;2013-06-09 21:38:00;1.1472;0.00582;2015-01-04 00:00:00
151;2015-01-05 02:36:00;2015-01-05 02:36:00;2015-01-05 18:00:00;32.2272;0.02903;2015-01-05 13:00:00;0;-Inf;2013-06-09 21:40:00;11.4036;0.01058;2015-01-05 08:00:00
152;2015-01-08 18:59:00;2015-01-08 19:00:00;2015-01-09 02:00:00;19.9716;0.05582;2015-01-08 20:00:00;0;-Inf;2013-06-09 21:42:00;6.978;0.01658;2015-01-08 20:00:00
153;2015-01-10 00:11:00;2015-01-10 00:12:00;2015-01-10 09:00:00;74.5008;0.21752;2015-01-10 05:00:00;0;-Inf;2013-06-09 21:44:00;30.048;0.07181;2015-01-10 05:00:00
154;2015-01-22 20:26:00;2015-01-22 20:26:00;2015-01-23 07:00:00;26.8176;0.03344;2015-01-23 00:00:00;0;-Inf;2013-06-09 21:46:00;9.72;0.01666;2015-01-23 02:00:00
155;2015-01-27 04:59:00;2015-01-27 05:00:00;2015-01-28 04:00:00;59.4984;0.04844;2015-01-27 15:00:00;0;-Inf;2013-06-09 21:48:00;24.4884;0.02605;2015-01-27 13:00:00
156;2015-03-01 10:49:00;2015-03-01 10:50:00;2015-03-01 16:00:00;14.352;0.04014;2015-03-01 14:00:00;0;-Inf;2013-06-09 21:50:00;4.56;0.0155;2015-03-01 14:00:00
157;2015-03-26 18:49:00;2015-03-26 18:50:00;2015-03-27 09:20:00;2112.324;0.08845;2015-03-27 05:44:00;808.3776;0.04786;2015-03-26 19:22:00;826.4892;0.03773;2015-03-26 19:28:00
158;2015-03-29 15:35:00;2015-03-29 15:36:00;2015-03-29 21:00:00;422.4468;0.07035;2015-03-29 17:44:00;98.9688;0.04198;2015-03-29 17:20:00;161.5968;0.03364;2015-03-29 17:24:00
159;2015-03-30 01:24:00;2015-03-30 01:24:00;2015-03-30 04:30:00;1145.7828;0.55345;2015-03-30 01:58:00;509.8728;0.26944;2015-03-30 01:48:00;470.3172;0.23663;2015-03-30 01:56:00
160;2015-03-30 09:09:00;2015-03-30 09:10:00;2015-03-30 11:28:00;186.3096;0.05058;2015-03-30 10:06:00;52.6152;0.03941;2015-03-30 09:38:00;67.2504;0.0279;2015-03-30 09:38:00
161;2015-03-30 14:29:00;2015-03-30 14:30:00;2015-03-30 16:10:00;208.9332;0.08474;2015-03-30 14:38:00;38.61;0.04163;2015-03-30 14:30:00;52.9716;0.03089;2015-03-30 14:30:00
162;2015-03-31 05:06:00;2015-03-31 05:06:00;2015-03-31 16:30:00;4023.5736;0.42615;2015-03-31 08:40:00;1554.8748;0.16507;2015-03-31 09:52:00;1471.2096;0.15846;2015-03-31 08:36:00
163;2015-04-01 15:31:00;2015-04-01 15:32:00;2015-04-01 18:50:00;141.7224;0.02705;2015-04-01 17:22:00;25.038;0.01614;2015-04-01 16:40:00;72.78;0.01548;2015-04-01 16:22:00
164;2015-04-02 10:44:00;2015-04-02 10:44:00;2015-04-02 15:44:00;922.5264;0.13375;2015-04-02 12:22:00;286.7808;0.08011;2015-04-02 12:10:00;383.232;0.0566;2015-04-02 11:42:00
165;2015-04-06 13:36:00;2015-04-06 13:36:00;2015-04-06 17:32:00;363.8544;0.05451;2015-04-06 15:52:00;109.9188;0.05388;2015-04-06 15:30:00;160.2048;0.03344;2015-04-06 14:28:00
166;2015-04-25 23:13:00;2015-04-25 23:14:00;2015-04-26 03:30:00;183.4764;0.02731;2015-04-26 01:48:00;21.4092;0.00384;2015-04-26 01:02:00;84.126;0.01107;2015-04-26 01:16:00
167;2015-04-27 18:53:00;2015-04-27 18:54:00;2015-04-28 00:50:00;2614.4712;1.02813;2015-04-27 20:50:00;1337.4492;0.54934;2015-04-27 20:52:00;1108.8696;0.62854;2015-04-27 20:46:00
168;2015-04-28 03:19:00;2015-04-28 03:20:00;2015-04-28 06:20:00;241.0092;0.11032;2015-04-28 03:20:00;59.7852;0.04604;2015-04-28 03:20:00;56.5212;0.02582;2015-04-28 03:22:00
169;2015-04-28 07:37:00;2015-04-28 07:38:00;2015-04-28 17:10:00;3187.968;0.69173;2015-04-28 11:44:00;1650.3132;0.36379;2015-04-28 11:32:00;1418.622;0.37792;2015-04-28 11:40:00
170;2015-05-01 05:51:00;2015-05-01 05:52:00;2015-05-01 08:50:00;142.398;0.03851;2015-05-01 07:18:00;54.8052;0.03041;2015-05-01 06:56:00;80.4936;0.01722;2015-05-01 06:50:00
171;2015-05-03 21:00:00;2015-05-03 21:00:00;2015-05-04 01:14:00;566.0904;0.10368;2015-05-03 23:08:00;253.5024;0.0587;2015-05-03 22:58:00;234.3444;0.04071;2015-05-03 22:58:00
172;2015-05-05 17:10:00;2015-05-05 17:10:00;2015-05-05 17:30:00;7.3536;0.01896;2015-05-05 17:26:00;0.6864;0.00058;2015-05-05 17:30:00;1.116;0.00345;2015-05-05 17:30:00
173;2015-05-05 23:18:00;2015-05-05 23:18:00;2015-05-06 12:10:00;2263.338;0.18373;2015-05-06 03:50:00;1070.2704;0.10506;2015-05-06 03:40:00;989.1456;0.08559;2015-05-06 03:42:00
174;2015-05-09 06:24:00;2015-05-09 06:24:00;2015-05-09 09:14:00;678.4704;0.36943;2015-05-09 06:56:00;318.2172;0.26747;2015-05-09 06:50:00;267.6024;0.17821;2015-05-09 06:52:00
175;2015-05-09 15:03:00;2015-05-09 15:04:00;2015-05-09 18:10:00;259.794;0.08802;2015-05-09 15:46:00;78.0516;0.04974;2015-05-09 15:32:00;110.1864;0.05618;2015-05-09 15:28:00
176;2015-05-09 22:26:00;2015-05-09 22:26:00;2015-05-10 00:20:00;126.4692;0.05781;2015-05-09 22:44:00;5.5332;0.00122;2015-05-09 23:24:00;47.1984;0.01598;2015-05-09 23:00:00
177;2015-05-12 22:11:00;2015-05-12 22:12:00;2015-05-13 02:20:00;341.4192;0.09519;2015-05-13 00:38:00;131.76;0.05543;2015-05-13 00:24:00;169.1292;0.04177;2015-05-13 00:28:00
178;2015-05-20 01:31:00;2015-05-20 01:32:00;2015-05-20 20:56:00;2010.1368;0.06422;2015-05-20 14:30:00;732.9024;0.03594;2015-05-20 14:10:00;916.3044;0.03414;2015-05-20 11:16:00
179;2015-05-29 16:08:00;2015-05-29 16:08:00;2015-05-29 19:00:00;183.9132;0.06234;2015-05-29 17:08:00;70.314;0.04846;2015-05-29 16:46:00;84.96;0.02786;2015-05-29 16:44:00
180;2015-05-29 22:08:00;2015-05-29 22:08:00;2015-05-30 02:50:00;3172.962;1.54953;2015-05-29 22:32:00;1793.8764;0.80469;2015-05-29 22:26:00;1656.5808;1.3498;2015-05-29 22:26:00
181;2015-06-07 23:01:00;2015-06-07 23:02:00;2015-06-08 04:04:00;18.7668;0.01585;2015-06-08 00:50:00;2.9268;0.00056;2015-06-08 04:00:00;1.7088;0.00219;2015-06-08 01:30:00
182;2015-06-08 19:56:00;2015-06-08 19:56:00;2015-06-09 13:10:00;9085.326;0.96114;2015-06-08 22:06:00;4970.5068;0.5264;2015-06-08 20:36:00;4470.648;0.83264;2015-06-08 21:58:00
183;2015-06-09 15:09:00;2015-06-09 15:10:00;2015-06-09 15:50:00;21.804;0.016;2015-06-09 15:42:00;5.424;0.00889;2015-06-09 15:10:00;0.5472;0.00219;2015-06-09 15:18:00
184;2015-06-13 13:57:00;2015-06-13 13:58:00;2015-06-13 20:10:00;793.9404;0.22551;2015-06-13 17:10:00;122.1084;0.05556;2015-06-13 14:22:00;384.702;0.11031;2015-06-13 17:02:00
185;2015-06-18 19:45:00;2015-06-18 19:46:00;2015-06-19 00:00:00;74.0772;0.02374;2015-06-18 20:58:00;17.6532;0.0024;2015-06-18 22:52:00;43.3128;0.008;2015-06-18 22:50:00
186;2015-06-20 02:53:00;2015-06-20 02:54:00;2015-06-20 07:10:00;196.4688;0.03258;2015-06-20 06:04:00;0;0;2015-06-20 02:54:00;81.7284;0.01478;2015-06-20 05:26:00
187;2015-06-20 17:47:00;2015-06-20 17:48:00;2015-06-20 21:10:00;110.9808;0.03091;2015-06-20 20:04:00;0;0;2015-06-20 17:48:00;54.9948;0.01699;2015-06-20 19:26:00
188;2015-06-22 13:49:00;2015-06-22 13:50:00;2015-06-22 18:02:00;282.2184;0.07435;2015-06-22 16:12:00;0;0;2015-06-22 13:50:00;132.5664;0.03208;2015-06-22 15:48:00
189;2015-06-23 00:32:00;2015-06-23 00:32:00;2015-06-23 05:50:00;1146.4056;0.23158;2015-06-23 03:20:00;0;0;2015-06-23 00:32:00;535.29;0.11224;2015-06-23 03:20:00
190;2015-06-23 10:30:00;2015-06-23 10:30:00;2015-06-23 14:10:00;226.338;0.04852;2015-06-23 12:46:00;0;0;2015-06-23 10:30:00;124.5504;0.028;2015-06-23 12:24:00
191;2015-06-23 15:50:00;2015-06-23 15:50:00;2015-06-23 18:38:00;427.974;0.23643;2015-06-23 16:28:00;130.0032;0.10631;2015-06-23 16:16:00;186.666;0.11982;2015-06-23 16:16:00
192;2015-06-27 16:12:00;2015-06-27 16:12:00;2015-06-27 18:40:00;231.6288;0.09744;2015-06-27 17:04:00;32.4588;0.0645;2015-06-27 16:46:00;126.1128;0.05943;2015-06-27 16:48:00
193;2015-07-05 14:40:00;2015-07-05 14:40:00;2015-07-05 15:10:00;24.1392;0.02767;2015-07-05 14:50:00;0.1944;0.00037;2015-07-05 14:42:00;0.4104;0.00259;2015-07-05 15:06:00
194;2015-07-08 00:52:00;2015-07-08 00:52:00;2015-07-08 03:44:00;1744.3536;0.70282;2015-07-08 01:14:00;891.9516;0.38701;2015-07-08 01:08:00;936.876;0.59658;2015-07-08 01:06:00
195;2015-07-14 19:37:00;2015-07-14 19:38:00;2015-07-14 21:36:00;491.1612;0.29485;2015-07-14 20:00:00;9.27;0.00221;2015-07-14 19:52:00;24.5436;0.01195;2015-07-14 19:38:00
196;2015-07-25 04:40:00;2015-07-25 04:40:00;2015-07-25 09:00:00;633.816;0.19992;2015-07-25 06:52:00;333.9492;0.11635;2015-07-25 06:38:00;270.6468;0.08198;2015-07-25 06:48:00
197;2015-07-25 14:09:00;2015-07-25 14:10:00;2015-07-25 16:40:00;306.1416;0.11044;2015-07-25 15:04:00;151.0548;0.069;2015-07-25 14:50:00;95.4888;0.05453;2015-07-25 14:52:00
198;2015-07-27 14:03:00;2015-07-27 14:04:00;2015-07-27 18:00:00;1379.07;1.02129;2015-07-27 16:06:00;759.504;0.5508;2015-07-27 16:00:00;720.2208;0.98254;2015-07-27 16:00:00
199;2015-07-29 17:17:00;2015-07-29 17:18:00;2015-07-29 20:22:00;747.3156;0.21913;2015-07-29 17:58:00;359.8764;0.15225;2015-07-29 17:46:00;317.076;0.11087;2015-07-29 17:48:00
200;2015-08-16 04:39:00;2015-08-16 04:40:00;2015-08-16 07:40:00;228.954;0.08318;2015-08-16 05:44:00;109.1076;0.05655;2015-08-16 05:48:00;106.6284;0.03194;2015-08-16 05:36:00
201;2015-08-16 14:59:00;2015-08-16 15:00:00;2015-08-16 20:02:00;2444.6772;0.54038;2015-08-16 16:02:00;1631.2572;0.35976;2015-08-16 15:52:00;1028.8968;0.24866;2015-08-16 15:56:00
202;2015-08-17 06:22:00;2015-08-17 06:22:00;2015-08-19 14:28:00;16848.7836;0.78789;2015-08-17 07:20:00;9292.1844;0.41686;2015-08-17 07:12:00;7996.4556;0.56733;2015-08-17 07:12:00
203;2015-09-02 00:03:00;2015-09-02 00:04:00;2015-09-02 04:10:00;855.6792;0.29974;2015-09-02 01:52:00;412.5912;0.15442;2015-09-02 01:40:00;414.6348;0.15622;2015-09-02 01:42:00
204;2015-09-07 12:49:00;2015-09-07 12:50:00;2015-09-07 15:54:00;380.55;0.12003;2015-09-07 14:22:00;99.2172;0.09088;2015-09-07 14:06:00;0;-Inf;2013-06-10 14:36:00
205;2015-09-09 14:48:00;2015-09-09 14:48:00;2015-09-09 17:04:00;615.8316;0.41559;2015-09-09 15:16:00;409.2888;0.3258;2015-09-09 15:08:00;0;-Inf;2013-06-10 14:38:00
206;2015-09-15 16:19:00;2015-09-15 16:20:00;2015-09-16 01:20:00;66.4536;0.01219;2015-09-15 17:50:00;60.5952;0.00232;2015-09-15 16:20:00;17.2104;0.00261;2015-09-15 19:14:00
207;2015-09-17 20:52:00;2015-09-17 20:52:00;2015-09-17 21:30:00;19.0644;0.01236;2015-09-17 21:08:00;0.804;0.00092;2015-09-17 21:00:00;5.8428;0.0042;2015-09-17 20:54:00
208;2015-09-23 08:25:00;2015-09-23 08:26:00;2015-09-23 12:50:00;99.5448;0.02305;2015-09-23 11:34:00;8.634;0.00248;2015-09-23 10:54:00;0;-Inf;2013-06-10 14:44:00
209;2015-10-07 01:10:00;2015-10-07 01:10:00;2015-10-07 08:20:00;1847.1264;0.5791;2015-10-07 03:36:00;971.0136;0.29904;2015-10-07 03:28:00;0;-Inf;2013-06-10 14:46:00
210;2015-10-07 10:40:00;2015-10-07 10:40:00;2015-10-07 16:30:00;1461.1872;0.50688;2015-10-07 13:48:00;870.7764;0.31846;2015-10-07 13:40:00;0;-Inf;2013-06-10 14:48:00
211;2015-10-07 17:29:00;2015-10-07 17:30:00;2015-10-08 16:32:00;3147.9294;0.13311;2015-10-08 06:52:00;1285.7646;0.08124;2015-10-08 11:26:00;432.6768;0.04749;2015-10-08 11:34:00
212;2015-10-14 02:49:00;2015-10-14 02:50:00;2015-10-14 17:00:00;2881.7772;0.33507;2015-10-14 04:38:00;1259.2944;0.18095;2015-10-14 04:30:00;1165.0308;0.16916;2015-10-14 04:28:00
213;2015-10-14 20:48:00;2015-10-14 20:48:00;2015-10-15 13:20:00;3056.1228;0.19821;2015-10-15 06:44:00;1344.0576;0.11042;2015-10-15 06:36:00;1176.5064;0.07158;2015-10-15 06:32:00
214;2015-10-15 15:07:00;2015-10-15 15:08:00;2015-10-15 21:48:00;168.0636;0.02284;2015-10-15 17:52:00;35.742;0.00246;2015-10-15 17:08:00;58.1268;0.00881;2015-10-15 17:22:00
215;2015-10-16 01:08:00;2015-10-16 01:08:00;2015-10-16 06:50:00;448.2744;0.04532;2015-10-16 02:26:00;129.0852;0.04412;2015-10-16 02:00:00;197.16;0.01933;2015-10-16 04:30:00
216;2015-10-16 14:49:00;2015-10-16 14:50:00;2015-10-17 06:20:00;4137.2844;0.39918;2015-10-16 23:58:00;1911.6948;0.22721;2015-10-16 23:52:00;0;0;2015-10-16 14:50:00
217;2015-10-20 15:57:00;2015-10-20 15:58:00;2015-10-20 19:10:00;72.2772;0.01804;2015-10-20 18:10:00;13.4976;0.00245;2015-10-20 17:54:00;0;0;2015-10-20 15:58:00
218;2015-10-20 20:28:00;2015-10-20 20:28:00;2015-10-20 22:40:00;82.938;0.02619;2015-10-20 21:46:00;11.5116;0.01497;2015-10-20 21:12:00;0;0;2015-10-20 20:28:00
219;2015-11-07 04:11:00;2015-11-07 04:12:00;2015-11-07 09:20:00;358.7244;0.08724;2015-11-07 06:48:00;138.672;0.06283;2015-11-07 06:26:00;225.8676;0.03804;2015-11-07 06:38:00
220;2015-11-11 10:09:00;2015-11-11 10:10:00;2015-11-11 11:12:00;51.492;0.01851;2015-11-11 10:34:00;5.2392;0.0022;2015-11-11 10:10:00;17.7012;0.00816;2015-11-11 10:10:00
221;2015-11-14 00:45:00;2015-11-14 00:46:00;2015-11-14 03:40:00;236.2332;0.08611;2015-11-14 02:00:00;82.8576;0.06691;2015-11-14 01:40:00;116.6436;0.04455;2015-11-14 01:38:00
222;2015-11-14 19:56:00;2015-11-14 19:56:00;2015-11-15 00:26:00;232.3884;0.0441;2015-11-14 22:50:00;70.9896;0.02337;2015-11-14 22:30:00;125.3976;0.02129;2015-11-14 22:34:00
223;2015-11-15 04:03:00;2015-11-15 04:04:00;2015-11-15 16:00:00;1022.7504;0.068;2015-11-15 05:16:00;193.9944;0.04209;2015-11-15 04:50:00;537.5292;0.03558;2015-11-15 05:00:00
224;2015-11-17 05:58:00;2015-11-17 05:58:00;2015-11-17 13:00:00;397.6908;0.04398;2015-11-17 10:34:00;97.6272;0.02946;2015-11-17 10:06:00;277.254;0.02275;2015-11-17 06:36:00
225;2015-11-19 16:38:00;2015-11-19 16:38:00;2015-11-20 06:40:00;5268.876;1.17182;2015-11-20 00:20:00;2604.8808;0.62205;2015-11-20 00:16:00;2652.8664;0.92391;2015-11-20 00:16:00
226;2015-11-20 10:18:00;2015-11-20 10:18:00;2015-11-20 12:28:00;14.6016;0.01157;2015-11-20 11:30:00;22.7568;0.02257;2015-11-20 12:28:00;22.1664;0.00905;2015-11-20 12:28:00
227;2015-11-20 12:33:00;2015-11-20 12:34:00;2015-11-21 02:00:00;1969.8336;0.09849;2015-11-20 18:22:00;728.6004;0.05068;2015-11-20 18:06:00;926.2368;0.04491;2015-11-20 20:56:00
228;2015-11-28 10:29:00;2015-11-28 10:30:00;2015-11-28 16:00:00;242.8512;0.01986;2015-11-28 11:54:00;6.4872;0.00078;2015-11-28 13:16:00;281.8308;0.0216;2015-11-28 11:34:00
229;2015-11-29 10:37:00;2015-11-29 10:38:00;2015-11-29 16:20:00;256.566;0.02399;2015-11-29 11:08:00;9.7176;0.00137;2015-11-29 11:12:00;265.9176;0.02;2015-11-29 10:42:00
230;2015-11-30 03:09:00;2015-11-30 03:10:00;2015-12-01 12:14:00;5757.3276;0.56906;2015-11-30 04:42:00;2166.8748;0.29455;2015-11-30 04:30:00;3225.972;0.26649;2015-11-30 04:34:00
231;2015-12-02 08:19:00;2015-12-02 08:20:00;2015-12-03 02:10:00;295.6488;0.018;2015-12-02 12:08:00;0;-Inf;2013-06-10 15:30:00;911.7912;0.019;2015-12-02 10:18:00
232;2015-12-04 14:03:00;2015-12-04 14:04:00;2015-12-04 21:00:00;283.9956;0.04127;2015-12-04 17:12:00;0;-Inf;2013-06-10 15:32:00;349.3368;0.02173;2015-12-04 17:00:00
233;2015-12-06 10:09:00;2015-12-06 10:10:00;2015-12-06 21:30:00;159.6132;0.01503;2015-12-06 10:20:00;0;-Inf;2013-06-10 15:34:00;507.1404;0.01345;2015-12-06 20:52:00
234;2015-12-07 18:19:00;2015-12-07 18:20:00;2015-12-08 02:16:00;60.2736;0.01284;2015-12-07 23:10:00;0;-Inf;2013-06-10 15:36:00;342.714;0.01391;2015-12-07 18:20:00
235;2015-12-08 04:30:00;2015-12-08 04:30:00;2015-12-08 07:54:00;27.534;0.01189;2015-12-08 06:40:00;0;-Inf;2013-06-10 15:38:00;149.7408;0.01298;2015-12-08 06:50:00
236;2015-12-08 08:49:00;2015-12-08 08:50:00;2015-12-08 09:20:00;5.2356;0.01183;2015-12-08 09:20:00;0;-Inf;2013-06-10 15:40:00;23.7936;0.0128;2015-12-08 09:08:00
237;2015-12-08 22:29:00;2015-12-08 22:30:00;2015-12-08 22:50:00;3.9408;0.01167;2015-12-08 22:50:00;0;-Inf;2013-06-10 15:42:00;16.08;0.01283;2015-12-08 22:32:00
238;2015-12-09 12:01:00;2015-12-09 12:02:00;2015-12-09 12:32:00;4.2276;0.01233;2015-12-09 12:30:00;0;-Inf;2013-06-10 15:44:00;23.5608;0.01317;2015-12-09 12:16:00
239;2015-12-09 14:29:00;2015-12-09 14:30:00;2015-12-09 21:00:00;736.7508;0.12656;2015-12-09 16:24:00;0;-Inf;2013-06-10 15:46:00;482.3388;0.06272;2015-12-09 16:14:00
240;2015-12-11 16:37:00;2015-12-11 16:38:00;2015-12-11 17:08:00;3.9528;0.01152;2015-12-11 17:00:00;0.2148;0.00037;2015-12-11 16:42:00;23.2212;0.01342;2015-12-11 17:02:00
241;2015-12-11 18:45:00;2015-12-11 18:46:00;2015-12-11 20:42:00;16.7208;0.01231;2015-12-11 20:00:00;0.9588;0.00056;2015-12-11 18:48:00;84.5364;0.01307;2015-12-11 18:54:00
242;2015-12-12 01:05:00;2015-12-12 01:06:00;2015-12-12 10:00:00;478.9464;0.03673;2015-12-12 02:52:00;42.9852;0.01814;2015-12-12 02:28:00;455.4012;0.02601;2015-12-12 02:26:00
243;2015-12-13 07:09:00;2015-12-13 07:10:00;2015-12-13 19:50:00;511.608;0.13003;2015-12-13 14:04:00;94.1832;0.08033;2015-12-13 13:46:00;664.938;0.07686;2015-12-13 13:40:00
244;2015-12-14 08:39:00;2015-12-14 08:40:00;2015-12-18 23:30:00;4452.1272;0.11322;2015-12-18 15:46:00;475.6152;0.05795;2015-12-18 15:32:00;5464.4256;0.05267;2015-12-18 15:36:00
245;2015-12-19 09:19:00;2015-12-19 09:20:00;2015-12-19 10:10:00;7.986;0.01228;2015-12-19 09:50:00;1.5948;0.00057;2015-12-19 09:22:00;42.12;0.01473;2015-12-19 09:32:00
246;2015-12-19 17:09:00;2015-12-19 17:10:00;2016-01-01 00:00:00;10472.1324;0.04286;2015-12-21 13:42:00;304.458;0.01954;2015-12-21 13:22:00;14052.7764;0.02801;2015-12-21 08:30:00
